M4,301,8,107,30,CV-data-vid-1_1_player-1.jpg,450,43
AK-47,302,8,121,31,CV-data-vid-1_1_player-2.jpg,450,43
Dead,0,0,57,43,CV-data-vid-1_1_player-3.jpg,450,43
M4,304,8,105,31,CV-data-vid-1_1_player-4.jpg,450,43
AWP,302,11,148,26,CV-data-vid-1_1_player-5.jpg,450,43
M4,303,9,104,28,CV-data-vid-1_2_player-1.jpg,450,43
AK-47,302,10,120,29,CV-data-vid-1_2_player-2.jpg,450,43
Dead,0,0,49,42,CV-data-vid-1_2_player-3.jpg,450,43
M4,304,10,104,28,CV-data-vid-1_2_player-4.jpg,450,43
AWP,302,12,148,27,CV-data-vid-1_2_player-5.jpg,450,43
M4,302,8,107,31,CV-data-vid-1_3_player-1.jpg,450,43
AK-47,304,10,118,28,CV-data-vid-1_3_player-2.jpg,450,43
Dead,0,0,50,43,CV-data-vid-1_3_player-3.jpg,450,43
M4,303,10,107,28,CV-data-vid-1_3_player-4.jpg,450,43
AWP,300,12,150,26,CV-data-vid-1_3_player-5.jpg,450,43
M4,303,8,106,29,CV-data-vid-1_4_player-1.jpg,450,43
AK-47,305,11,117,28,CV-data-vid-1_4_player-2.jpg,450,43
Dead,0,0,50,43,CV-data-vid-1_4_player-3.jpg,450,43
M4,302,10,107,28,CV-data-vid-1_4_player-4.jpg,450,43
AWP,302,12,147,26,CV-data-vid-1_4_player-5.jpg,450,43
M4,304,10,107,28,CV-data-vid-1_5_player-1.jpg,450,43
AK-47,304,9,118,30,CV-data-vid-1_5_player-2.jpg,450,43
Dead,0,0,48,42,CV-data-vid-1_5_player-3.jpg,450,43
M4,302,9,108,30,CV-data-vid-1_5_player-4.jpg,450,43
M4,303,9,106,28,CV-data-vid-1_6_player-1.jpg,450,43
AK-47,305,10,115,28,CV-data-vid-1_6_player-2.jpg,450,43
Dead,0,0,49,42,CV-data-vid-1_6_player-3.jpg,450,43
M4,302,8,108,30,CV-data-vid-1_6_player-4.jpg,450,43
AWP,302,13,148,25,CV-data-vid-1_6_player-5.jpg,450,43
M4,304,9,106,29,CV-data-vid-1_7_player-1.jpg,450,43
AK-47,304,10,118,30,CV-data-vid-1_7_player-2.jpg,450,43
Dead,0,0,48,42,CV-data-vid-1_7_player-3.jpg,450,43
M4,304,9,105,30,CV-data-vid-1_7_player-4.jpg,450,43
AWP,302,13,147,27,CV-data-vid-1_7_player-5.jpg,450,43
M4,302,9,107,28,CV-data-vid-1_8_player-1.jpg,450,43
AK-47,304,8,118,31,CV-data-vid-1_8_player-2.jpg,450,43
Dead,0,0,49,42,CV-data-vid-1_8_player-3.jpg,450,43
M4,304,9,106,31,CV-data-vid-1_8_player-4.jpg,450,43
AWP,302,11,148,28,CV-data-vid-1_8_player-5.jpg,450,43
M4,302,8,107,32,CV-data-vid-1_9_player-1.jpg,450,43
AK-47,303,9,118,31,CV-data-vid-1_9_player-2.jpg,450,43
Dead,0,0,50,42,CV-data-vid-1_9_player-3.jpg,450,43
M4,303,10,106,28,CV-data-vid-1_9_player-4.jpg,450,43
AWP,302,13,148,26,CV-data-vid-1_9_player-5.jpg,450,43
M4,303,8,106,31,CV-data-vid-1_10_player-1.jpg,450,43
AK-47,305,10,117,29,CV-data-vid-1_10_player-2.jpg,450,43
Dead,0,0,47,42,CV-data-vid-1_10_player-3.jpg,450,43
M4,303,10,107,28,CV-data-vid-1_10_player-4.jpg,450,43
AWP,303,10,147,28,CV-data-vid-1_10_player-5.jpg,450,43
M4,304,8,104,29,CV-data-vid-1_11_player-1.jpg,450,43
AK-47,305,9,118,30,CV-data-vid-1_11_player-2.jpg,450,43
Dead,0,1,49,42,CV-data-vid-1_11_player-3.jpg,450,43
M4,303,9,105,29,CV-data-vid-1_11_player-4.jpg,450,43
AWP,302,12,148,25,CV-data-vid-1_11_player-5.jpg,450,43
M4,303,9,107,28,CV-data-vid-1_12_player-1.jpg,450,43
AK-47,303,11,118,28,CV-data-vid-1_12_player-2.jpg,450,43
Dead,2,0,45,41,CV-data-vid-1_12_player-3.jpg,450,43
M4,303,9,107,29,CV-data-vid-1_12_player-4.jpg,450,43
AWP,302,13,148,25,CV-data-vid-1_12_player-5.jpg,450,43
M4,304,8,107,30,CV-data-vid-1_13_player-1.jpg,450,43
AK-47,304,10,120,29,CV-data-vid-1_13_player-2.jpg,450,43
Dead,0,0,48,42,CV-data-vid-1_13_player-3.jpg,450,43
Dead,0,0,51,42,CV-data-vid-1_13_player-4.jpg,450,43
AWP,302,11,147,26,CV-data-vid-1_13_player-5.jpg,450,43
M4,302,8,108,30,CV-data-vid-1_14_player-1.jpg,450,43
Dead,0,0,50,42,CV-data-vid-1_14_player-2.jpg,450,43
Dead,3,0,45,43,CV-data-vid-1_14_player-3.jpg,450,43
Dead,0,0,52,42,CV-data-vid-1_14_player-4.jpg,450,43
AWP,302,13,148,26,CV-data-vid-1_14_player-5.jpg,450,43
M4,303,9,106,29,CV-data-vid-1_15_player-1.jpg,450,43
Dead,0,0,52,42,CV-data-vid-1_15_player-2.jpg,450,43
Dead,1,2,45,40,CV-data-vid-1_15_player-3.jpg,450,43
Dead,0,0,48,42,CV-data-vid-1_15_player-4.jpg,450,43
AWP,301,13,149,27,CV-data-vid-1_15_player-5.jpg,450,43
M4,302,9,107,28,CV-data-vid-1_16_player-1.jpg,450,43
Dead,0,0,50,43,CV-data-vid-1_16_player-2.jpg,450,43
Dead,0,0,48,42,CV-data-vid-1_16_player-3.jpg,450,43
Dead,0,0,51,42,CV-data-vid-1_16_player-4.jpg,450,43
AWP,302,12,148,26,CV-data-vid-1_16_player-5.jpg,450,43
M4,303,7,105,31,CV-data-vid-1_17_player-1.jpg,450,43
Dead,0,0,49,42,CV-data-vid-1_17_player-2.jpg,450,43
Dead,0,0,48,42,CV-data-vid-1_17_player-3.jpg,450,43
Dead,0,0,49,43,CV-data-vid-1_17_player-4.jpg,450,43
AWP,301,11,149,29,CV-data-vid-1_17_player-5.jpg,450,43
M4,304,8,104,29,CV-data-vid-1_18_player-1.jpg,450,43
Dead,0,0,48,42,CV-data-vid-1_18_player-2.jpg,450,43
Dead,0,0,50,42,CV-data-vid-1_18_player-3.jpg,450,43
Dead,0,0,50,42,CV-data-vid-1_18_player-4.jpg,450,43
AWP,302,11,148,28,CV-data-vid-1_18_player-5.jpg,450,43
M4,303,8,105,30,CV-data-vid-1_19_player-1.jpg,450,43
Dead,0,0,49,41,CV-data-vid-1_19_player-2.jpg,450,43
Dead,0,0,49,40,CV-data-vid-1_19_player-3.jpg,450,43
Dead,3,0,42,41,CV-data-vid-1_19_player-4.jpg,450,43
AWP,302,11,148,28,CV-data-vid-1_19_player-5.jpg,450,43
M4,303,9,105,30,CV-data-vid-1_20_player-1.jpg,450,43
Dead,0,0,49,43,CV-data-vid-1_20_player-2.jpg,450,43
Dead,3,0,45,40,CV-data-vid-1_20_player-3.jpg,450,43
Dead,3,0,45,43,CV-data-vid-1_20_player-4.jpg,450,43
AWP,302,11,148,28,CV-data-vid-1_20_player-5.jpg,450,43
M4,302,7,109,31,CV-data-vid-1_21_player-1.jpg,450,43
Dead,5,1,44,40,CV-data-vid-1_21_player-2.jpg,450,43
Dead,2,0,47,42,CV-data-vid-1_21_player-3.jpg,450,43
Dead,5,5,40,35,CV-data-vid-1_21_player-4.jpg,450,43
AWP,301,13,149,26,CV-data-vid-1_21_player-5.jpg,450,43
M4,303,10,110,28,CV-data-vid-1_22_player-1.jpg,450,43
Dead,7,5,37,35,CV-data-vid-1_22_player-2.jpg,450,43
Dead,8,5,38,34,CV-data-vid-1_22_player-3.jpg,450,43
Dead,8,5,37,34,CV-data-vid-1_22_player-4.jpg,450,43
AWP,303,12,147,25,CV-data-vid-1_22_player-5.jpg,450,43
M4,304,8,107,30,CV-data-vid-1_23_player-1.jpg,450,43
Dead,8,5,37,34,CV-data-vid-1_23_player-2.jpg,450,43
Dead,7,4,38,36,CV-data-vid-1_23_player-3.jpg,450,43
Dead,8,5,37,36,CV-data-vid-1_23_player-4.jpg,450,43
AWP,304,13,146,24,CV-data-vid-1_23_player-5.jpg,450,43
M4,304,10,104,27,CV-data-vid-1_24_player-1.jpg,450,43
Dead,7,4,38,36,CV-data-vid-1_24_player-2.jpg,450,43
Dead,7,4,37,35,CV-data-vid-1_24_player-3.jpg,450,43
Dead,7,4,39,37,CV-data-vid-1_24_player-4.jpg,450,43
AWP,304,13,146,24,CV-data-vid-1_24_player-5.jpg,450,43
M4,303,8,106,29,CV-data-vid-1_25_player-1.jpg,450,43
Dead,8,5,36,33,CV-data-vid-1_25_player-2.jpg,450,43
Dead,7,5,38,34,CV-data-vid-1_25_player-3.jpg,450,43
Dead,7,5,37,34,CV-data-vid-1_25_player-4.jpg,450,43
AWP,303,13,147,24,CV-data-vid-1_25_player-5.jpg,450,43
M4,303,8,106,29,CV-data-vid-1_26_player-1.jpg,450,43
Dead,8,4,36,36,CV-data-vid-1_26_player-2.jpg,450,43
Dead,8,5,37,35,CV-data-vid-1_26_player-3.jpg,450,43
Dead,9,5,35,34,CV-data-vid-1_26_player-4.jpg,450,43
AWP,304,12,146,23,CV-data-vid-1_26_player-5.jpg,450,43
M4,304,9,107,28,CV-data-vid-1_27_player-1.jpg,450,43
Dead,9,4,35,35,CV-data-vid-1_27_player-2.jpg,450,43
Dead,8,4,35,36,CV-data-vid-1_27_player-3.jpg,450,43
Dead,8,4,37,37,CV-data-vid-1_27_player-4.jpg,450,43
AWP,301,13,149,24,CV-data-vid-1_27_player-5.jpg,450,43
M4,303,9,105,29,CV-data-vid-1_28_player-1.jpg,450,43
Dead,7,5,37,34,CV-data-vid-1_28_player-2.jpg,450,43
Dead,7,3,38,36,CV-data-vid-1_28_player-3.jpg,450,43
Dead,8,6,37,32,CV-data-vid-1_28_player-4.jpg,450,43
AWP,303,12,147,25,CV-data-vid-1_28_player-5.jpg,450,43
M4,303,8,107,30,CV-data-vid-1_29_player-1.jpg,450,43
Dead,8,5,36,33,CV-data-vid-1_29_player-2.jpg,450,43
Dead,8,4,39,35,CV-data-vid-1_29_player-3.jpg,450,43
Dead,7,4,39,35,CV-data-vid-1_29_player-4.jpg,450,43
AWP,303,13,147,25,CV-data-vid-1_29_player-5.jpg,450,43
M4,303,8,107,28,CV-data-vid-1_30_player-1.jpg,450,43
Dead,7,5,36,31,CV-data-vid-1_30_player-2.jpg,450,43
Dead,6,3,37,35,CV-data-vid-1_30_player-3.jpg,450,43
Dead,8,5,37,34,CV-data-vid-1_30_player-4.jpg,450,43
AWP,303,12,147,25,CV-data-vid-1_30_player-5.jpg,450,43
M4,303,8,106,29,CV-data-vid-1_31_player-1.jpg,450,43
Dead,8,4,36,34,CV-data-vid-1_31_player-2.jpg,450,43
Dead,6,4,37,35,CV-data-vid-1_31_player-3.jpg,450,43
Dead,8,5,36,34,CV-data-vid-1_31_player-4.jpg,450,43
AWP,302,12,148,25,CV-data-vid-1_31_player-5.jpg,450,43
M4,303,8,107,30,CV-data-vid-1_32_player-1.jpg,450,43
Dead,8,5,35,31,CV-data-vid-1_32_player-2.jpg,450,43
Dead,8,5,37,34,CV-data-vid-1_32_player-3.jpg,450,43
Dead,7,3,37,37,CV-data-vid-1_32_player-4.jpg,450,43
AWP,303,12,147,25,CV-data-vid-1_32_player-5.jpg,450,43
M4,303,9,107,28,CV-data-vid-1_33_player-1.jpg,450,43
Dead,8,3,36,34,CV-data-vid-1_33_player-2.jpg,450,43
Dead,5,5,39,35,CV-data-vid-1_33_player-3.jpg,450,43
Dead,8,5,37,34,CV-data-vid-1_33_player-4.jpg,450,43
AWP,302,12,148,25,CV-data-vid-1_33_player-5.jpg,450,43
M4,303,8,107,30,CV-data-vid-1_34_player-1.jpg,450,43
Dead,9,4,35,35,CV-data-vid-1_34_player-2.jpg,450,43
Dead,6,5,37,34,CV-data-vid-1_34_player-3.jpg,450,43
Dead,8,4,36,34,CV-data-vid-1_34_player-4.jpg,450,43
AWP,304,12,146,24,CV-data-vid-1_34_player-5.jpg,450,43
M4,303,9,106,28,CV-data-vid-1_35_player-1.jpg,450,43
Dead,9,5,36,34,CV-data-vid-1_35_player-2.jpg,450,43
Dead,8,5,36,34,CV-data-vid-1_35_player-3.jpg,450,43
Dead,6,5,38,34,CV-data-vid-1_35_player-4.jpg,450,43
AWP,304,13,146,24,CV-data-vid-1_35_player-5.jpg,450,43
M4,303,10,107,28,CV-data-vid-1_36_player-1.jpg,450,43
Dead,6,4,38,35,CV-data-vid-1_36_player-2.jpg,450,43
Dead,6,3,39,37,CV-data-vid-1_36_player-3.jpg,450,43
Dead,7,5,37,35,CV-data-vid-1_36_player-4.jpg,450,43
AWP,304,13,146,23,CV-data-vid-1_36_player-5.jpg,450,43
M4,302,9,109,29,CV-data-vid-1_37_player-1.jpg,450,43
Dead,5,4,39,34,CV-data-vid-1_37_player-2.jpg,450,43
Dead,7,5,37,35,CV-data-vid-1_37_player-3.jpg,450,43
Dead,9,5,34,36,CV-data-vid-1_37_player-4.jpg,450,43
AWP,304,13,146,23,CV-data-vid-1_37_player-5.jpg,450,43
AK-47,304,8,118,30,CV-data-vid-1_38_player-1.jpg,450,43
Dead,8,3,37,36,CV-data-vid-1_38_player-2.jpg,450,43
Dead,7,5,39,34,CV-data-vid-1_38_player-3.jpg,450,43
Dead,6,6,37,34,CV-data-vid-1_38_player-4.jpg,450,43
Dead,9,6,37,34,CV-data-vid-1_38_player-5.jpg,450,43
AK-47,303,8,118,31,CV-data-vid-1_39_player-1.jpg,450,43
Dead,8,3,37,36,CV-data-vid-1_39_player-2.jpg,450,43
Dead,8,5,38,34,CV-data-vid-1_39_player-3.jpg,450,43
Dead,6,4,39,36,CV-data-vid-1_39_player-4.jpg,450,43
Dead,5,4,39,33,CV-data-vid-1_39_player-5.jpg,450,43
AK-47,304,10,117,29,CV-data-vid-1_40_player-1.jpg,450,43
Dead,8,5,37,35,CV-data-vid-1_40_player-2.jpg,450,43
Dead,7,5,37,34,CV-data-vid-1_40_player-3.jpg,450,43
Dead,7,5,40,36,CV-data-vid-1_40_player-4.jpg,450,43
Dead,8,5,39,35,CV-data-vid-1_40_player-5.jpg,450,43
AK-47,305,8,117,29,CV-data-vid-1_41_player-1.jpg,450,43
Dead,8,4,35,34,CV-data-vid-1_41_player-2.jpg,450,43
Dead,8,5,34,31,CV-data-vid-1_41_player-3.jpg,450,43
Dead,9,5,34,34,CV-data-vid-1_41_player-4.jpg,450,43
Dead,7,5,38,35,CV-data-vid-1_41_player-5.jpg,450,43
AK-47,305,8,116,31,CV-data-vid-1_42_player-1.jpg,450,43
Dead,9,4,34,35,CV-data-vid-1_42_player-2.jpg,450,43
Dead,8,5,35,34,CV-data-vid-1_42_player-3.jpg,450,43
Dead,8,6,37,33,CV-data-vid-1_42_player-4.jpg,450,43
Dead,9,5,36,35,CV-data-vid-1_42_player-5.jpg,450,43
AK-47,305,8,118,30,CV-data-vid-1_43_player-1.jpg,450,43
M4,304,10,105,28,CV-data-vid-1_43_player-2.jpg,450,43
Dead,11,5,33,34,CV-data-vid-1_43_player-3.jpg,450,43
M4,304,9,107,30,CV-data-vid-1_43_player-4.jpg,450,43
Dead,8,5,36,35,CV-data-vid-1_43_player-5.jpg,450,43
AK-47,303,9,118,29,CV-data-vid-1_44_player-1.jpg,450,43
M4,303,9,106,31,CV-data-vid-1_44_player-2.jpg,450,43
Dead,7,5,37,34,CV-data-vid-1_44_player-3.jpg,450,43
M4,303,10,107,28,CV-data-vid-1_44_player-4.jpg,450,43
Dead,7,5,38,37,CV-data-vid-1_44_player-5.jpg,450,43
AK-47,303,10,118,29,CV-data-vid-1_45_player-1.jpg,450,43
M4,303,9,108,31,CV-data-vid-1_45_player-2.jpg,450,43
Dead,8,5,36,34,CV-data-vid-1_45_player-3.jpg,450,43
M4,302,9,107,31,CV-data-vid-1_45_player-4.jpg,450,43
Dead,8,5,36,34,CV-data-vid-1_45_player-5.jpg,450,43
AK-47,303,8,122,31,CV-data-vid-1_46_player-1.jpg,450,43
M4,304,11,105,28,CV-data-vid-1_46_player-2.jpg,450,43
Dead,8,6,37,31,CV-data-vid-1_46_player-3.jpg,450,43
M4,303,11,107,28,CV-data-vid-1_46_player-4.jpg,450,43
Dead,7,5,37,35,CV-data-vid-1_46_player-5.jpg,450,43
AK-47,305,10,118,28,CV-data-vid-1_47_player-1.jpg,450,43
M4,302,9,107,29,CV-data-vid-1_47_player-2.jpg,450,43
Dead,8,7,36,31,CV-data-vid-1_47_player-3.jpg,450,43
M4,304,10,105,30,CV-data-vid-1_47_player-4.jpg,450,43
Dead,8,4,37,37,CV-data-vid-1_47_player-5.jpg,450,43
AK-47,305,9,118,30,CV-data-vid-1_48_player-1.jpg,450,43
M4,302,10,110,29,CV-data-vid-1_48_player-2.jpg,450,43
Dead,8,4,37,32,CV-data-vid-1_48_player-3.jpg,450,43
M4,302,10,107,29,CV-data-vid-1_48_player-4.jpg,450,43
Dead,8,5,35,34,CV-data-vid-1_48_player-5.jpg,450,43
AK-47,304,11,118,28,CV-data-vid-1_49_player-1.jpg,450,43
M4,303,8,107,31,CV-data-vid-1_49_player-2.jpg,450,43
Dead,6,5,37,34,CV-data-vid-1_49_player-3.jpg,450,43
M4,304,11,106,28,CV-data-vid-1_49_player-4.jpg,450,43
Dead,9,5,34,34,CV-data-vid-1_49_player-5.jpg,450,43
AK-47,302,8,118,30,CV-data-vid-1_50_player-1.jpg,450,43
M4,304,9,107,28,CV-data-vid-1_50_player-2.jpg,450,43
Dead,8,5,36,33,CV-data-vid-1_50_player-3.jpg,450,43
M4,302,10,107,28,CV-data-vid-1_50_player-4.jpg,450,43
Dead,8,3,36,39,CV-data-vid-1_50_player-5.jpg,450,43
AK-47,304,9,119,29,CV-data-vid-1_51_player-1.jpg,450,43
M4,303,10,105,28,CV-data-vid-1_51_player-2.jpg,450,43
Dead,7,4,36,34,CV-data-vid-1_51_player-3.jpg,450,43
M4,303,11,107,28,CV-data-vid-1_51_player-4.jpg,450,43
Dead,9,5,35,33,CV-data-vid-1_51_player-5.jpg,450,43
AK-47,304,9,119,29,CV-data-vid-1_52_player-1.jpg,450,43
M4,303,9,107,28,CV-data-vid-1_52_player-2.jpg,450,43
Dead,8,4,35,35,CV-data-vid-1_52_player-3.jpg,450,43
M4,303,10,107,29,CV-data-vid-1_52_player-4.jpg,450,43
Dead,8,5,35,34,CV-data-vid-1_52_player-5.jpg,450,43
AK-47,305,10,118,28,CV-data-vid-1_53_player-1.jpg,450,43
M4,302,10,107,29,CV-data-vid-1_53_player-2.jpg,450,43
Dead,8,5,35,35,CV-data-vid-1_53_player-3.jpg,450,43
M4,304,11,106,28,CV-data-vid-1_53_player-4.jpg,450,43
Dead,8,5,37,33,CV-data-vid-1_53_player-5.jpg,450,43
AK-47,305,9,118,29,CV-data-vid-1_54_player-1.jpg,450,43
M4,303,9,107,31,CV-data-vid-1_54_player-2.jpg,450,43
Dead,8,5,35,36,CV-data-vid-1_54_player-3.jpg,450,43
M4,303,10,106,28,CV-data-vid-1_54_player-4.jpg,450,43
Dead,8,6,37,34,CV-data-vid-1_54_player-5.jpg,450,43
AK-47,305,9,115,29,CV-data-vid-1_55_player-1.jpg,450,43
M4,303,10,105,29,CV-data-vid-1_55_player-2.jpg,450,43
Dead,8,5,35,34,CV-data-vid-1_55_player-3.jpg,450,43
M4,304,11,105,26,CV-data-vid-1_55_player-4.jpg,450,43
Dead,9,6,34,35,CV-data-vid-1_55_player-5.jpg,450,43
AK-47,304,10,118,30,CV-data-vid-1_56_player-1.jpg,450,43
M4,304,9,106,30,CV-data-vid-1_56_player-2.jpg,450,43
Dead,9,5,33,32,CV-data-vid-1_56_player-3.jpg,450,43
M4,304,10,105,28,CV-data-vid-1_56_player-4.jpg,450,43
Dead,9,4,37,37,CV-data-vid-1_56_player-5.jpg,450,43
AK-47,303,9,118,30,CV-data-vid-1_57_player-1.jpg,450,43
M4,303,9,106,27,CV-data-vid-1_57_player-2.jpg,450,43
Dead,8,4,34,35,CV-data-vid-1_57_player-3.jpg,450,43
M4,304,11,105,28,CV-data-vid-1_57_player-4.jpg,450,43
Dead,9,6,34,32,CV-data-vid-1_57_player-5.jpg,450,43
AK-47,303,10,118,29,CV-data-vid-1_58_player-1.jpg,450,43
M4,303,8,107,31,CV-data-vid-1_58_player-2.jpg,450,43
Dead,9,5,34,33,CV-data-vid-1_58_player-3.jpg,450,43
M4,302,8,107,31,CV-data-vid-1_58_player-4.jpg,450,43
Dead,8,7,35,34,CV-data-vid-1_58_player-5.jpg,450,43
AK-47,304,9,118,30,CV-data-vid-1_59_player-1.jpg,450,43
M4,303,10,107,28,CV-data-vid-1_59_player-2.jpg,450,43
Dead,8,6,37,34,CV-data-vid-1_59_player-3.jpg,450,43
M4,303,10,108,29,CV-data-vid-1_59_player-4.jpg,450,43
Dead,9,7,34,32,CV-data-vid-1_59_player-5.jpg,450,43
AK-47,305,10,118,28,CV-data-vid-1_60_player-1.jpg,450,43
M4,304,8,107,31,CV-data-vid-1_60_player-2.jpg,450,43
Dead,8,5,34,32,CV-data-vid-1_60_player-3.jpg,450,43
M4,303,9,107,30,CV-data-vid-1_60_player-4.jpg,450,43
Dead,9,6,34,34,CV-data-vid-1_60_player-5.jpg,450,43
AK-47,303,10,118,28,CV-data-vid-1_61_player-1.jpg,450,43
M4,302,8,106,31,CV-data-vid-1_61_player-2.jpg,450,43
Dead,9,7,34,30,CV-data-vid-1_61_player-3.jpg,450,43
M4,303,11,107,27,CV-data-vid-1_61_player-4.jpg,450,43
Dead,9,5,34,34,CV-data-vid-1_61_player-5.jpg,450,43
AK-47,304,10,118,29,CV-data-vid-1_62_player-1.jpg,450,43
M4,303,10,104,28,CV-data-vid-1_62_player-2.jpg,450,43
Dead,8,7,34,31,CV-data-vid-1_62_player-3.jpg,450,43
M4,302,11,106,28,CV-data-vid-1_62_player-4.jpg,450,43
Dead,9,7,34,31,CV-data-vid-1_62_player-5.jpg,450,43
AK-47,303,10,117,28,CV-data-vid-1_63_player-1.jpg,450,43
M4,302,8,109,31,CV-data-vid-1_63_player-2.jpg,450,43
Dead,8,5,36,33,CV-data-vid-1_63_player-3.jpg,450,43
M4,301,9,107,30,CV-data-vid-1_63_player-4.jpg,450,43
Dead,9,7,33,32,CV-data-vid-1_63_player-5.jpg,450,43
AK-47,304,8,119,30,CV-data-vid-1_64_player-1.jpg,450,43
M4,301,8,109,31,CV-data-vid-1_64_player-2.jpg,450,43
Dead,9,5,35,32,CV-data-vid-1_64_player-3.jpg,450,43
M4,301,10,110,28,CV-data-vid-1_64_player-4.jpg,450,43
Dead,9,6,35,33,CV-data-vid-1_64_player-5.jpg,450,43
AK-47,305,9,114,28,CV-data-vid-1_65_player-1.jpg,450,43
M4,302,9,106,30,CV-data-vid-1_65_player-2.jpg,450,43
Dead,8,6,37,31,CV-data-vid-1_65_player-3.jpg,450,43
M4,303,10,131,28,CV-data-vid-1_65_player-4.jpg,450,43
Dead,9,7,36,32,CV-data-vid-1_65_player-5.jpg,450,43
AK-47,305,7,119,33,CV-data-vid-1_66_player-1.jpg,450,43
M4,301,8,108,30,CV-data-vid-1_66_player-2.jpg,450,43
Dead,10,6,34,31,CV-data-vid-1_66_player-3.jpg,450,43
M4,302,8,139,30,CV-data-vid-1_66_player-4.jpg,450,43
Dead,8,8,37,31,CV-data-vid-1_66_player-5.jpg,450,43
AK-47,303,8,120,31,CV-data-vid-1_67_player-1.jpg,450,43
AK-47,303,9,118,30,CV-data-vid-1_67_player-2.jpg,450,43
Dead,10,6,32,31,CV-data-vid-1_67_player-3.jpg,450,43
M4,301,8,111,30,CV-data-vid-1_67_player-4.jpg,450,43
Dead,8,6,36,33,CV-data-vid-1_67_player-5.jpg,450,43
AK-47,305,8,116,31,CV-data-vid-1_68_player-1.jpg,450,43
AK-47,306,10,115,29,CV-data-vid-1_68_player-2.jpg,450,43
Dead,10,6,32,32,CV-data-vid-1_68_player-3.jpg,450,43
M4,301,8,110,31,CV-data-vid-1_68_player-4.jpg,450,43
Dead,8,6,35,32,CV-data-vid-1_68_player-5.jpg,450,43
Dead,10,5,34,32,CV-data-vid-1_69_player-1.jpg,450,43
AK-47,305,7,119,31,CV-data-vid-1_69_player-2.jpg,450,43
Dead,8,5,36,35,CV-data-vid-1_69_player-3.jpg,450,43
AWP,301,10,149,28,CV-data-vid-1_69_player-4.jpg,450,43
Dead,10,6,33,31,CV-data-vid-1_69_player-5.jpg,450,43
Dead,9,5,31,32,CV-data-vid-1_70_player-1.jpg,450,43
AK-47,303,8,121,31,CV-data-vid-1_70_player-2.jpg,450,43
Dead,8,7,35,30,CV-data-vid-1_70_player-3.jpg,450,43
AWP,303,13,147,24,CV-data-vid-1_70_player-4.jpg,450,43
Dead,9,5,35,31,CV-data-vid-1_70_player-5.jpg,450,43
Dead,6,5,38,31,CV-data-vid-1_71_player-1.jpg,450,43
AK-47,302,8,121,32,CV-data-vid-1_71_player-2.jpg,450,43
Dead,9,5,36,31,CV-data-vid-1_71_player-3.jpg,450,43
AWP,302,11,148,26,CV-data-vid-1_71_player-4.jpg,450,43
Dead,8,5,37,33,CV-data-vid-1_71_player-5.jpg,450,43
Dead,9,3,35,34,CV-data-vid-1_72_player-1.jpg,450,43
AK-47,304,9,116,30,CV-data-vid-1_72_player-2.jpg,450,43
Dead,11,4,32,35,CV-data-vid-1_72_player-3.jpg,450,43
AWP,302,13,148,24,CV-data-vid-1_72_player-4.jpg,450,43
Dead,9,8,36,31,CV-data-vid-1_72_player-5.jpg,450,43
Dead,8,5,34,34,CV-data-vid-1_73_player-1.jpg,450,43
AK-47,305,10,116,28,CV-data-vid-1_73_player-2.jpg,450,43
Dead,8,5,34,32,CV-data-vid-1_73_player-3.jpg,450,43
AWP,303,12,147,24,CV-data-vid-1_73_player-4.jpg,450,43
Dead,8,7,35,33,CV-data-vid-1_73_player-5.jpg,450,43
Dead,8,5,34,31,CV-data-vid-1_74_player-1.jpg,450,43
AK-47,303,9,119,31,CV-data-vid-1_74_player-2.jpg,450,43
Dead,8,5,37,31,CV-data-vid-1_74_player-3.jpg,450,43
AWP,304,14,146,23,CV-data-vid-1_74_player-4.jpg,450,43
Dead,6,6,39,32,CV-data-vid-1_74_player-5.jpg,450,43
Dead,8,5,35,31,CV-data-vid-1_75_player-1.jpg,450,43
AK-47,302,8,121,31,CV-data-vid-1_75_player-2.jpg,450,43
Dead,7,6,38,34,CV-data-vid-1_75_player-3.jpg,450,43
AWP,302,11,148,26,CV-data-vid-1_75_player-4.jpg,450,43
Dead,8,7,34,32,CV-data-vid-1_75_player-5.jpg,450,43
Dead,6,3,39,35,CV-data-vid-1_76_player-1.jpg,450,43
AK-47,304,8,120,31,CV-data-vid-1_76_player-2.jpg,450,43
Dead,6,4,39,36,CV-data-vid-1_76_player-3.jpg,450,43
AWP,302,12,148,23,CV-data-vid-1_76_player-4.jpg,450,43
Dead,8,6,39,34,CV-data-vid-1_76_player-5.jpg,450,43
Dead,8,3,38,34,CV-data-vid-1_77_player-1.jpg,450,43
AK-47,304,8,119,31,CV-data-vid-1_77_player-2.jpg,450,43
Dead,8,5,34,33,CV-data-vid-1_77_player-3.jpg,450,43
AWP,303,11,144,26,CV-data-vid-1_77_player-4.jpg,450,43
Dead,8,5,39,35,CV-data-vid-1_77_player-5.jpg,450,43
Dead,11,5,31,36,CV-data-vid-1_78_player-1.jpg,450,43
AK-47,303,8,118,31,CV-data-vid-1_78_player-2.jpg,450,43
Dead,8,5,38,34,CV-data-vid-1_78_player-3.jpg,450,43
AWP,303,13,147,23,CV-data-vid-1_78_player-4.jpg,450,43
Dead,8,8,37,31,CV-data-vid-1_78_player-5.jpg,450,43
Dead,8,1,38,38,CV-data-vid-1_79_player-1.jpg,450,43
AK-47,303,9,121,31,CV-data-vid-1_79_player-2.jpg,450,43
Dead,7,4,37,34,CV-data-vid-1_79_player-3.jpg,450,43
AWP,303,12,147,24,CV-data-vid-1_79_player-4.jpg,450,43
Dead,6,5,39,34,CV-data-vid-1_79_player-5.jpg,450,43
AK-47,304,8,118,31,CV-data-vid-1_80_player-1.jpg,450,43
M4,302,8,107,31,CV-data-vid-1_80_player-2.jpg,450,43
Dead,8,5,35,37,CV-data-vid-1_80_player-3.jpg,450,43
AWP,302,11,148,26,CV-data-vid-1_80_player-4.jpg,450,43
M4,301,8,135,31,CV-data-vid-1_80_player-5.jpg,450,43
AK-47,304,9,118,29,CV-data-vid-1_82_player-1.jpg,450,43
M4,301,8,109,31,CV-data-vid-1_82_player-2.jpg,450,43
Dead,8,6,39,31,CV-data-vid-1_82_player-3.jpg,450,43
AWP,302,10,148,28,CV-data-vid-1_82_player-4.jpg,450,43
M4,302,9,134,31,CV-data-vid-1_82_player-5.jpg,450,43
AK-47,302,9,121,30,CV-data-vid-1_83_player-1.jpg,450,43
M4,303,8,109,31,CV-data-vid-1_83_player-2.jpg,450,43
Dead,10,5,36,33,CV-data-vid-1_83_player-3.jpg,450,43
AWP,302,11,148,27,CV-data-vid-1_83_player-4.jpg,450,43
M4,302,10,131,28,CV-data-vid-1_83_player-5.jpg,450,43
AK-47,304,9,118,31,CV-data-vid-1_84_player-1.jpg,450,43
M4,302,7,108,32,CV-data-vid-1_84_player-2.jpg,450,43
Dead,8,3,35,36,CV-data-vid-1_84_player-3.jpg,450,43
AWP,303,12,147,26,CV-data-vid-1_84_player-4.jpg,450,43
M4,303,8,132,31,CV-data-vid-1_84_player-5.jpg,450,43
AK-47,305,9,118,29,CV-data-vid-1_85_player-1.jpg,450,43
M4,302,8,109,33,CV-data-vid-1_85_player-2.jpg,450,43
Dead,7,3,37,32,CV-data-vid-1_85_player-3.jpg,450,43
AWP,303,9,147,27,CV-data-vid-1_85_player-4.jpg,450,43
M4,303,10,137,30,CV-data-vid-1_85_player-5.jpg,450,43
AK-47,304,9,117,28,CV-data-vid-1_86_player-1.jpg,450,43
M4,302,7,111,32,CV-data-vid-1_86_player-2.jpg,450,43
Dead,8,3,36,36,CV-data-vid-1_86_player-3.jpg,450,43
M4,303,6,137,33,CV-data-vid-1_86_player-5.jpg,450,43
AK-47,304,9,118,30,CV-data-vid-1_87_player-1.jpg,450,43
M4,301,7,110,33,CV-data-vid-1_87_player-2.jpg,450,43
Dead,8,6,38,34,CV-data-vid-1_87_player-3.jpg,450,43
AWP,303,12,147,28,CV-data-vid-1_87_player-4.jpg,450,43
M4,301,9,135,31,CV-data-vid-1_87_player-5.jpg,450,43
AK-47,304,8,118,31,CV-data-vid-1_88_player-1.jpg,450,43
M4,304,10,104,28,CV-data-vid-1_88_player-2.jpg,450,43
Dead,8,4,38,37,CV-data-vid-1_88_player-3.jpg,450,43
AWP,302,13,148,24,CV-data-vid-1_88_player-4.jpg,450,43
M4,304,11,131,27,CV-data-vid-1_88_player-5.jpg,450,43
AK-47,303,9,120,30,CV-data-vid-1_89_player-1.jpg,450,43
M4,303,8,108,29,CV-data-vid-1_89_player-2.jpg,450,43
Dead,5,4,41,37,CV-data-vid-1_89_player-3.jpg,450,43
AWP,302,11,148,26,CV-data-vid-1_89_player-4.jpg,450,43
M4,302,10,133,28,CV-data-vid-1_89_player-5.jpg,450,43
AK-47,303,10,119,30,CV-data-vid-1_90_player-1.jpg,450,43
M4,301,8,110,30,CV-data-vid-1_90_player-2.jpg,450,43
Dead,8,2,37,40,CV-data-vid-1_90_player-3.jpg,450,43
AWP,301,12,148,26,CV-data-vid-1_90_player-4.jpg,450,43
M4,303,11,132,28,CV-data-vid-1_90_player-5.jpg,450,43
AK-47,305,8,119,31,CV-data-vid-1_91_player-1.jpg,450,43
M4,302,7,110,32,CV-data-vid-1_91_player-2.jpg,450,43
Dead,8,3,37,37,CV-data-vid-1_91_player-3.jpg,450,43
AWP,303,13,147,24,CV-data-vid-1_91_player-4.jpg,450,43
M4,302,8,134,31,CV-data-vid-1_91_player-5.jpg,450,43
AK-47,304,9,118,31,CV-data-vid-1_92_player-1.jpg,450,43
M4,304,8,109,33,CV-data-vid-1_92_player-2.jpg,450,43
Dead,5,5,39,36,CV-data-vid-1_92_player-3.jpg,450,43
AWP,303,13,147,24,CV-data-vid-1_92_player-4.jpg,450,43
M4,304,10,131,29,CV-data-vid-1_92_player-5.jpg,450,43
AK-47,305,10,117,28,CV-data-vid-1_93_player-1.jpg,450,43
M4,303,8,107,31,CV-data-vid-1_93_player-2.jpg,450,43
Dead,8,4,37,35,CV-data-vid-1_93_player-3.jpg,450,43
AWP,302,12,148,26,CV-data-vid-1_93_player-4.jpg,450,43
M4,304,9,131,30,CV-data-vid-1_93_player-5.jpg,450,43
AK-47,304,10,118,28,CV-data-vid-1_94_player-1.jpg,450,43
M4,301,8,110,33,CV-data-vid-1_94_player-2.jpg,450,43
Dead,8,5,37,37,CV-data-vid-1_94_player-3.jpg,450,43
AWP,303,11,147,26,CV-data-vid-1_94_player-4.jpg,450,43
M4,304,8,131,30,CV-data-vid-1_94_player-5.jpg,450,43
AK-47,305,9,118,31,CV-data-vid-1_95_player-1.jpg,450,43
M4,302,8,107,33,CV-data-vid-1_95_player-2.jpg,450,43
Dead,8,3,37,37,CV-data-vid-1_95_player-3.jpg,450,43
AWP,301,11,148,26,CV-data-vid-1_95_player-4.jpg,450,43
M4,301,8,135,31,CV-data-vid-1_95_player-5.jpg,450,43
AK-47,305,9,118,30,CV-data-vid-1_96_player-1.jpg,450,43
M4,302,8,106,32,CV-data-vid-1_96_player-2.jpg,450,43
Dead,10,5,36,35,CV-data-vid-1_96_player-3.jpg,450,43
AWP,302,11,148,26,CV-data-vid-1_96_player-4.jpg,450,43
M4,302,8,133,31,CV-data-vid-1_96_player-5.jpg,450,43
AK-47,305,9,115,29,CV-data-vid-1_97_player-1.jpg,450,43
M4,304,9,109,30,CV-data-vid-1_97_player-2.jpg,450,43
Dead,8,4,35,35,CV-data-vid-1_97_player-3.jpg,450,43
AWP,304,12,145,25,CV-data-vid-1_97_player-4.jpg,450,43
M4,301,11,135,28,CV-data-vid-1_97_player-5.jpg,450,43
AK-47,304,9,119,29,CV-data-vid-1_98_player-1.jpg,450,43
M4,302,8,110,30,CV-data-vid-1_98_player-2.jpg,450,43
Dead,9,5,35,34,CV-data-vid-1_98_player-3.jpg,450,43
AWP,302,11,148,26,CV-data-vid-1_98_player-4.jpg,450,43
M4,302,9,131,29,CV-data-vid-1_98_player-5.jpg,450,43
AK-47,302,9,118,28,CV-data-vid-1_99_player-1.jpg,450,43
M4,302,6,108,32,CV-data-vid-1_99_player-2.jpg,450,43
Dead,9,4,36,35,CV-data-vid-1_99_player-3.jpg,450,43
AWP,301,11,149,28,CV-data-vid-1_99_player-4.jpg,450,43
M4,303,8,132,31,CV-data-vid-1_99_player-5.jpg,450,43
AK-47,304,8,119,31,CV-data-vid-1_100_player-1.jpg,450,43
M4,302,8,109,31,CV-data-vid-1_100_player-2.jpg,450,43
Dead,7,4,39,37,CV-data-vid-1_100_player-3.jpg,450,43
AWP,302,11,148,26,CV-data-vid-1_100_player-4.jpg,450,43
M4,304,11,131,28,CV-data-vid-1_100_player-5.jpg,450,43
AK-47,304,9,120,29,CV-data-vid-1_101_player-1.jpg,450,43
M4,303,8,108,29,CV-data-vid-1_101_player-2.jpg,450,43
Dead,8,5,37,34,CV-data-vid-1_101_player-3.jpg,450,43
AWP,302,13,148,24,CV-data-vid-1_101_player-4.jpg,450,43
M4,303,8,134,32,CV-data-vid-1_101_player-5.jpg,450,43
AK-47,304,8,118,31,CV-data-vid-1_102_player-1.jpg,450,43
M4,303,7,109,33,CV-data-vid-1_102_player-2.jpg,450,43
Dead,7,4,38,35,CV-data-vid-1_102_player-3.jpg,450,43
AWP,302,13,147,23,CV-data-vid-1_102_player-4.jpg,450,43
M4,304,9,131,29,CV-data-vid-1_102_player-5.jpg,450,43
AK-47,304,8,119,31,CV-data-vid-1_103_player-1.jpg,450,43
M4,302,8,107,31,CV-data-vid-1_103_player-2.jpg,450,43
Dead,10,5,35,34,CV-data-vid-1_103_player-3.jpg,450,43
AWP,302,13,148,25,CV-data-vid-1_103_player-4.jpg,450,43
M4,302,9,131,29,CV-data-vid-1_103_player-5.jpg,450,43
AK-47,305,8,118,30,CV-data-vid-1_104_player-1.jpg,450,43
M4,301,7,107,31,CV-data-vid-1_104_player-2.jpg,450,43
Dead,10,3,35,34,CV-data-vid-1_104_player-3.jpg,450,43
AWP,303,11,147,26,CV-data-vid-1_104_player-4.jpg,450,43
M4,304,10,132,29,CV-data-vid-1_104_player-5.jpg,450,43
AK-47,305,7,117,32,CV-data-vid-1_105_player-1.jpg,450,43
M4,301,8,108,31,CV-data-vid-1_105_player-2.jpg,450,43
Dead,8,4,36,36,CV-data-vid-1_105_player-3.jpg,450,43
AWP,302,11,148,26,CV-data-vid-1_105_player-4.jpg,450,43
M4,303,10,130,30,CV-data-vid-1_105_player-5.jpg,450,43
AK-47,305,9,120,29,CV-data-vid-1_106_player-1.jpg,450,43
M4,302,7,107,31,CV-data-vid-1_106_player-2.jpg,450,43
Dead,9,4,34,34,CV-data-vid-1_106_player-3.jpg,450,43
AWP,303,12,147,26,CV-data-vid-1_106_player-4.jpg,450,43
M4,302,9,134,29,CV-data-vid-1_106_player-5.jpg,450,43
AK-47,305,9,116,29,CV-data-vid-1_107_player-1.jpg,450,43
M4,304,8,109,30,CV-data-vid-1_107_player-2.jpg,450,43
Dead,7,5,37,34,CV-data-vid-1_107_player-3.jpg,450,43
AWP,303,12,147,24,CV-data-vid-1_107_player-4.jpg,450,43
M4,302,7,132,33,CV-data-vid-1_107_player-5.jpg,450,43
AK-47,304,9,119,28,CV-data-vid-1_108_player-1.jpg,450,43
M4,302,8,110,29,CV-data-vid-1_108_player-2.jpg,450,43
Dead,8,5,37,33,CV-data-vid-1_108_player-3.jpg,450,43
AWP,302,11,148,26,CV-data-vid-1_108_player-4.jpg,450,43
M4,303,11,130,31,CV-data-vid-1_108_player-5.jpg,450,43
AK-47,304,8,118,31,CV-data-vid-1_109_player-1.jpg,450,43
M4,303,8,107,31,CV-data-vid-1_109_player-2.jpg,450,43
Dead,8,4,39,36,CV-data-vid-1_109_player-3.jpg,450,43
AWP,303,13,147,25,CV-data-vid-1_109_player-4.jpg,450,43
M4,303,9,136,31,CV-data-vid-1_109_player-5.jpg,450,43
AK-47,304,8,119,31,CV-data-vid-1_110_player-1.jpg,450,43
M4,304,9,107,28,CV-data-vid-1_110_player-2.jpg,450,43
Dead,6,3,38,38,CV-data-vid-1_110_player-3.jpg,450,43
AWP,301,9,149,27,CV-data-vid-1_110_player-4.jpg,450,43
M4,302,10,134,29,CV-data-vid-1_110_player-5.jpg,450,43
AK-47,305,8,117,32,CV-data-vid-1_111_player-1.jpg,450,43
M4,303,8,109,30,CV-data-vid-1_111_player-2.jpg,450,43
Dead,7,5,42,34,CV-data-vid-1_111_player-3.jpg,450,43
AWP,304,13,145,23,CV-data-vid-1_111_player-4.jpg,450,43
M4,304,8,132,31,CV-data-vid-1_111_player-5.jpg,450,43
AK-47,304,9,118,29,CV-data-vid-1_112_player-1.jpg,450,43
M4,301,7,110,31,CV-data-vid-1_112_player-2.jpg,450,43
Dead,7,4,37,35,CV-data-vid-1_112_player-3.jpg,450,43
AWP,302,12,146,25,CV-data-vid-1_112_player-4.jpg,450,43
M4,303,9,133,31,CV-data-vid-1_112_player-5.jpg,450,43
AK-47,304,8,118,31,CV-data-vid-1_113_player-1.jpg,450,43
M4,303,8,108,31,CV-data-vid-1_113_player-2.jpg,450,43
Dead,8,4,38,35,CV-data-vid-1_113_player-3.jpg,450,43
AWP,303,13,147,23,CV-data-vid-1_113_player-4.jpg,450,43
M4,303,9,133,31,CV-data-vid-1_113_player-5.jpg,450,43
AK-47,304,10,117,30,CV-data-vid-1_114_player-1.jpg,450,43
M4,303,7,110,31,CV-data-vid-1_114_player-2.jpg,450,43
Dead,8,4,34,35,CV-data-vid-1_114_player-3.jpg,450,43
AWP,302,11,148,26,CV-data-vid-1_114_player-4.jpg,450,43
M4,302,10,134,28,CV-data-vid-1_114_player-5.jpg,450,43
AK-47,305,8,117,31,CV-data-vid-1_115_player-1.jpg,450,43
M4,303,8,106,31,CV-data-vid-1_115_player-2.jpg,450,43
Dead,5,5,40,37,CV-data-vid-1_115_player-3.jpg,450,43
AWP,302,11,148,28,CV-data-vid-1_115_player-4.jpg,450,43
M4,303,10,132,30,CV-data-vid-1_115_player-5.jpg,450,43
AK-47,304,9,120,31,CV-data-vid-1_116_player-1.jpg,450,43
M4,303,9,112,30,CV-data-vid-1_116_player-2.jpg,450,43
Dead,7,5,37,34,CV-data-vid-1_116_player-3.jpg,450,43
AWP,302,13,148,23,CV-data-vid-1_116_player-4.jpg,450,43
M4,302,9,134,30,CV-data-vid-1_116_player-5.jpg,450,43
AK-47,303,9,119,30,CV-data-vid-1_117_player-1.jpg,450,43
M4,302,7,110,32,CV-data-vid-1_117_player-2.jpg,450,43
Dead,9,5,37,34,CV-data-vid-1_117_player-3.jpg,450,43
AWP,301,13,149,26,CV-data-vid-1_117_player-4.jpg,450,43
M4,303,11,133,28,CV-data-vid-1_117_player-5.jpg,450,43
AK-47,305,9,118,30,CV-data-vid-1_118_player-1.jpg,450,43
M4,302,8,110,29,CV-data-vid-1_118_player-2.jpg,450,43
Dead,8,4,39,36,CV-data-vid-1_118_player-3.jpg,450,43
AWP,301,12,149,25,CV-data-vid-1_118_player-4.jpg,450,43
M4,302,10,132,29,CV-data-vid-1_118_player-5.jpg,450,43
AK-47,302,9,118,30,CV-data-vid-1_119_player-1.jpg,450,43
M4,303,7,108,31,CV-data-vid-1_119_player-2.jpg,450,43
Dead,9,5,37,34,CV-data-vid-1_119_player-3.jpg,450,43
AWP,301,12,149,26,CV-data-vid-1_119_player-4.jpg,450,43
M4,302,8,133,32,CV-data-vid-1_119_player-5.jpg,450,43
AK-47,304,9,118,29,CV-data-vid-1_120_player-1.jpg,450,43
M4,303,7,106,31,CV-data-vid-1_120_player-2.jpg,450,43
Dead,9,3,37,38,CV-data-vid-1_120_player-3.jpg,450,43
AWP,302,11,148,26,CV-data-vid-1_120_player-4.jpg,450,43
M4,302,10,130,31,CV-data-vid-1_120_player-5.jpg,450,43
AK-47,303,9,119,30,CV-data-vid-1_121_player-1.jpg,450,43
M4,303,9,108,31,CV-data-vid-1_121_player-2.jpg,450,43
Dead,8,5,40,37,CV-data-vid-1_121_player-3.jpg,450,43
AWP,303,11,147,25,CV-data-vid-1_121_player-4.jpg,450,43
M4,302,11,131,28,CV-data-vid-1_121_player-5.jpg,450,43
AK-47,303,8,119,31,CV-data-vid-1_122_player-1.jpg,450,43
M4,301,8,110,31,CV-data-vid-1_122_player-2.jpg,450,43
Dead,6,3,41,35,CV-data-vid-1_122_player-3.jpg,450,43
AWP,304,13,146,23,CV-data-vid-1_122_player-4.jpg,450,43
M4,301,9,131,31,CV-data-vid-1_122_player-5.jpg,450,43
AK-47,305,8,117,30,CV-data-vid-1_123_player-1.jpg,450,43
M4,300,6,116,34,CV-data-vid-1_123_player-2.jpg,450,43
Dead,5,4,37,36,CV-data-vid-1_123_player-3.jpg,450,43
AWP,300,13,150,25,CV-data-vid-1_123_player-4.jpg,450,43
M4,302,9,134,31,CV-data-vid-1_123_player-5.jpg,450,43
AK-47,304,8,118,31,CV-data-vid-1_124_player-1.jpg,450,43
M4,303,8,110,29,CV-data-vid-1_124_player-2.jpg,450,43
Dead,8,3,42,39,CV-data-vid-1_124_player-3.jpg,450,43
AWP,301,12,149,26,CV-data-vid-1_124_player-4.jpg,450,43
M4,303,8,136,31,CV-data-vid-1_124_player-5.jpg,450,43
AK-47,305,8,116,29,CV-data-vid-1_125_player-1.jpg,450,43
M4,302,8,106,32,CV-data-vid-1_125_player-2.jpg,450,43
Dead,6,5,41,36,CV-data-vid-1_125_player-3.jpg,450,43
AWP,302,12,148,25,CV-data-vid-1_125_player-4.jpg,450,43
M4,301,8,134,32,CV-data-vid-1_125_player-5.jpg,450,43
AK-47,305,10,117,29,CV-data-vid-1_126_player-1.jpg,450,43
M4,301,9,109,28,CV-data-vid-1_126_player-2.jpg,450,43
Dead,5,5,39,37,CV-data-vid-1_126_player-3.jpg,450,43
AWP,303,12,147,25,CV-data-vid-1_126_player-4.jpg,450,43
M4,304,9,131,29,CV-data-vid-1_126_player-5.jpg,450,43
AK-47,305,8,118,31,CV-data-vid-1_127_player-1.jpg,450,43
M4,302,8,110,29,CV-data-vid-1_127_player-2.jpg,450,43
Dead,6,5,37,35,CV-data-vid-1_127_player-3.jpg,450,43
AWP,301,11,149,26,CV-data-vid-1_127_player-4.jpg,450,43
M4,303,8,131,30,CV-data-vid-1_127_player-5.jpg,450,43
AK-47,305,8,118,31,CV-data-vid-1_128_player-1.jpg,450,43
M4,301,6,113,32,CV-data-vid-1_128_player-2.jpg,450,43
Dead,9,3,34,36,CV-data-vid-1_128_player-3.jpg,450,43
AWP,303,11,147,27,CV-data-vid-1_128_player-4.jpg,450,43
M4,302,9,134,30,CV-data-vid-1_128_player-5.jpg,450,43
AK-47,305,8,116,31,CV-data-vid-1_129_player-1.jpg,450,43
M4,301,7,112,32,CV-data-vid-1_129_player-2.jpg,450,43
Dead,7,3,39,37,CV-data-vid-1_129_player-3.jpg,450,43
AWP,303,12,147,26,CV-data-vid-1_129_player-4.jpg,450,43
M4,303,11,130,28,CV-data-vid-1_129_player-5.jpg,450,43
AK-47,303,9,120,30,CV-data-vid-1_130_player-1.jpg,450,43
M4,301,8,110,31,CV-data-vid-1_130_player-2.jpg,450,43
Dead,8,3,37,36,CV-data-vid-1_130_player-3.jpg,450,43
AWP,302,13,148,25,CV-data-vid-1_130_player-4.jpg,450,43
M4,303,11,136,29,CV-data-vid-1_130_player-5.jpg,450,43
AK-47,303,10,120,29,CV-data-vid-1_131_player-1.jpg,450,43
M4,303,7,108,33,CV-data-vid-1_131_player-2.jpg,450,43
Dead,6,5,39,31,CV-data-vid-1_131_player-3.jpg,450,43
AWP,302,13,148,23,CV-data-vid-1_131_player-4.jpg,450,43
M4,303,8,131,33,CV-data-vid-1_131_player-5.jpg,450,43
AK-47,304,6,118,31,CV-data-vid-1_132_player-1.jpg,450,43
M4,301,7,112,31,CV-data-vid-1_132_player-2.jpg,450,43
Dead,8,5,36,34,CV-data-vid-1_132_player-3.jpg,450,43
AWP,301,11,149,26,CV-data-vid-1_132_player-4.jpg,450,43
M4,302,10,132,30,CV-data-vid-1_132_player-5.jpg,450,43
AK-47,304,8,120,30,CV-data-vid-1_133_player-1.jpg,450,43
M4,304,8,104,31,CV-data-vid-1_133_player-2.jpg,450,43
Dead,5,5,43,33,CV-data-vid-1_133_player-3.jpg,450,43
AWP,301,12,149,26,CV-data-vid-1_133_player-4.jpg,450,43
M4,302,11,134,29,CV-data-vid-1_133_player-5.jpg,450,43
AK-47,303,9,120,29,CV-data-vid-1_134_player-1.jpg,450,43
M4,303,8,108,31,CV-data-vid-1_134_player-2.jpg,450,43
Dead,8,5,39,35,CV-data-vid-1_134_player-3.jpg,450,43
AWP,302,11,148,25,CV-data-vid-1_134_player-4.jpg,450,43
M4,304,8,128,32,CV-data-vid-1_134_player-5.jpg,450,43
AK-47,304,8,118,32,CV-data-vid-1_135_player-1.jpg,450,43
M4,301,6,107,34,CV-data-vid-1_135_player-2.jpg,450,43
Dead,7,4,37,35,CV-data-vid-1_135_player-3.jpg,450,43
AWP,304,12,146,26,CV-data-vid-1_135_player-4.jpg,450,43
M4,302,9,138,32,CV-data-vid-1_135_player-5.jpg,450,43
AK-47,305,8,116,31,CV-data-vid-1_136_player-1.jpg,450,43
M4,303,10,107,27,CV-data-vid-1_136_player-2.jpg,450,43
Dead,7,4,37,36,CV-data-vid-1_136_player-3.jpg,450,43
AWP,303,11,147,25,CV-data-vid-1_136_player-4.jpg,450,43
M4,302,10,134,29,CV-data-vid-1_136_player-5.jpg,450,43
AK-47,304,8,120,30,CV-data-vid-1_137_player-1.jpg,450,43
M4,303,6,107,33,CV-data-vid-1_137_player-2.jpg,450,43
Dead,8,5,36,33,CV-data-vid-1_137_player-3.jpg,450,43
AWP,302,11,148,25,CV-data-vid-1_137_player-4.jpg,450,43
M4,301,9,135,31,CV-data-vid-1_137_player-5.jpg,450,43
AK-47,305,9,116,29,CV-data-vid-1_138_player-1.jpg,450,43
M4,303,8,103,30,CV-data-vid-1_138_player-2.jpg,450,43
Dead,8,7,37,31,CV-data-vid-1_138_player-3.jpg,450,43
AWP,304,11,146,26,CV-data-vid-1_138_player-4.jpg,450,43
M4,302,8,137,32,CV-data-vid-1_138_player-5.jpg,450,43
AK-47,304,8,119,30,CV-data-vid-1_139_player-1.jpg,450,43
M4,301,7,107,34,CV-data-vid-1_139_player-2.jpg,450,43
Dead,9,7,34,30,CV-data-vid-1_139_player-3.jpg,450,43
AWP,303,12,145,23,CV-data-vid-1_139_player-4.jpg,450,43
M4,304,10,130,29,CV-data-vid-1_139_player-5.jpg,450,43
AK-47,304,9,119,29,CV-data-vid-1_140_player-1.jpg,450,43
M4,301,8,113,32,CV-data-vid-1_140_player-2.jpg,450,43
Dead,8,5,38,33,CV-data-vid-1_140_player-3.jpg,450,43
AWP,301,13,149,23,CV-data-vid-1_140_player-4.jpg,450,43
M4,303,8,134,30,CV-data-vid-1_140_player-5.jpg,450,43
Dead,11,5,31,34,CV-data-vid-1_141_player-1.jpg,450,43
M4,302,8,106,30,CV-data-vid-1_141_player-2.jpg,450,43
Dead,7,6,37,33,CV-data-vid-1_141_player-3.jpg,450,43
AWP,304,13,146,23,CV-data-vid-1_141_player-4.jpg,450,43
M4,302,11,134,28,CV-data-vid-1_141_player-5.jpg,450,43
Dead,8,5,36,35,CV-data-vid-1_142_player-1.jpg,450,43
M4,302,8,107,32,CV-data-vid-1_142_player-2.jpg,450,43
Dead,7,5,37,33,CV-data-vid-1_142_player-3.jpg,450,43
AWP,304,12,145,24,CV-data-vid-1_142_player-4.jpg,450,43
M4,303,10,133,29,CV-data-vid-1_142_player-5.jpg,450,43
Dead,6,4,40,34,CV-data-vid-1_143_player-1.jpg,450,43
M4,303,8,108,32,CV-data-vid-1_143_player-2.jpg,450,43
Dead,8,4,37,34,CV-data-vid-1_143_player-3.jpg,450,43
AWP,303,12,146,24,CV-data-vid-1_143_player-4.jpg,450,43
M4,302,11,132,29,CV-data-vid-1_143_player-5.jpg,450,43
Dead,7,4,39,32,CV-data-vid-1_144_player-1.jpg,450,43
M4,303,9,107,30,CV-data-vid-1_144_player-2.jpg,450,43
Dead,8,5,36,33,CV-data-vid-1_144_player-3.jpg,450,43
AWP,304,12,146,26,CV-data-vid-1_144_player-4.jpg,450,43
M4,302,9,133,31,CV-data-vid-1_144_player-5.jpg,450,43
Dead,7,3,39,37,CV-data-vid-1_145_player-1.jpg,450,43
M4,301,5,111,34,CV-data-vid-1_145_player-2.jpg,450,43
Dead,7,3,37,35,CV-data-vid-1_145_player-3.jpg,450,43
AWP,304,11,146,26,CV-data-vid-1_145_player-4.jpg,450,43
M4,303,8,133,32,CV-data-vid-1_145_player-5.jpg,450,43
Dead,6,5,39,33,CV-data-vid-1_146_player-1.jpg,450,43
M4,303,9,108,30,CV-data-vid-1_146_player-2.jpg,450,43
Dead,6,5,39,34,CV-data-vid-1_146_player-3.jpg,450,43
AWP,303,13,144,23,CV-data-vid-1_146_player-4.jpg,450,43
M4,301,10,130,29,CV-data-vid-1_146_player-5.jpg,450,43
Dead,7,4,36,35,CV-data-vid-1_147_player-1.jpg,450,43
M4,301,8,111,30,CV-data-vid-1_147_player-2.jpg,450,43
Dead,5,6,42,34,CV-data-vid-1_147_player-3.jpg,450,43
AWP,303,11,147,26,CV-data-vid-1_147_player-4.jpg,450,43
M4,304,9,132,32,CV-data-vid-1_147_player-5.jpg,450,43
Dead,8,7,37,31,CV-data-vid-1_148_player-1.jpg,450,43
M4,302,6,107,33,CV-data-vid-1_148_player-2.jpg,450,43
Dead,5,5,39,34,CV-data-vid-1_148_player-3.jpg,450,43
AWP,302,10,147,27,CV-data-vid-1_148_player-4.jpg,450,43
M4,301,8,131,31,CV-data-vid-1_148_player-5.jpg,450,43
Dead,7,4,38,34,CV-data-vid-1_149_player-1.jpg,450,43
M4,302,8,108,30,CV-data-vid-1_149_player-2.jpg,450,43
Dead,6,5,38,36,CV-data-vid-1_149_player-3.jpg,450,43
AWP,302,10,148,27,CV-data-vid-1_149_player-4.jpg,450,43
M4,303,11,133,29,CV-data-vid-1_149_player-5.jpg,450,43
Dead,7,5,37,34,CV-data-vid-1_150_player-1.jpg,450,43
M4,301,8,108,32,CV-data-vid-1_150_player-2.jpg,450,43
Dead,5,5,40,35,CV-data-vid-1_150_player-3.jpg,450,43
AWP,304,11,146,25,CV-data-vid-1_150_player-4.jpg,450,43
M4,303,10,131,28,CV-data-vid-1_150_player-5.jpg,450,43
Dead,8,7,37,31,CV-data-vid-1_151_player-1.jpg,450,43
M4,301,9,109,29,CV-data-vid-1_151_player-2.jpg,450,43
Dead,6,3,38,35,CV-data-vid-1_151_player-3.jpg,450,43
Dead,8,5,37,37,CV-data-vid-1_151_player-4.jpg,450,43
M4,301,8,133,30,CV-data-vid-1_151_player-5.jpg,450,43
Dead,8,5,38,34,CV-data-vid-1_152_player-1.jpg,450,43
M4,301,8,113,32,CV-data-vid-1_152_player-2.jpg,450,43
Dead,7,5,40,34,CV-data-vid-1_152_player-3.jpg,450,43
Dead,8,5,38,36,CV-data-vid-1_152_player-4.jpg,450,43
M4,304,11,131,27,CV-data-vid-1_152_player-5.jpg,450,43
Dead,6,4,42,34,CV-data-vid-1_153_player-1.jpg,450,43
M4,301,7,110,33,CV-data-vid-1_153_player-2.jpg,450,43
Dead,8,5,36,34,CV-data-vid-1_153_player-3.jpg,450,43
Dead,7,5,37,36,CV-data-vid-1_153_player-4.jpg,450,43
M4,303,9,131,30,CV-data-vid-1_153_player-5.jpg,450,43
Dead,7,5,39,34,CV-data-vid-1_154_player-1.jpg,450,43
M4,302,8,107,28,CV-data-vid-1_154_player-2.jpg,450,43
Dead,8,5,37,33,CV-data-vid-1_154_player-3.jpg,450,43
Dead,8,5,37,34,CV-data-vid-1_154_player-4.jpg,450,43
M4,301,10,132,28,CV-data-vid-1_154_player-5.jpg,450,43
Dead,7,5,38,34,CV-data-vid-1_155_player-1.jpg,450,43
M4,302,8,105,29,CV-data-vid-1_155_player-2.jpg,450,43
Dead,8,5,37,35,CV-data-vid-1_155_player-3.jpg,450,43
Dead,6,4,37,36,CV-data-vid-1_155_player-4.jpg,450,43
M4,304,9,130,29,CV-data-vid-1_155_player-5.jpg,450,43
Dead,8,4,35,35,CV-data-vid-1_156_player-1.jpg,450,43
M4,302,7,108,34,CV-data-vid-1_156_player-2.jpg,450,43
Dead,10,5,33,34,CV-data-vid-1_156_player-3.jpg,450,43
Dead,7,5,38,33,CV-data-vid-1_156_player-4.jpg,450,43
M4,302,12,136,26,CV-data-vid-1_156_player-5.jpg,450,43
Dead,8,5,35,32,CV-data-vid-1_157_player-1.jpg,450,43
M4,301,8,111,33,CV-data-vid-1_157_player-2.jpg,450,43
Dead,8,8,35,31,CV-data-vid-1_157_player-3.jpg,450,43
Dead,9,5,36,34,CV-data-vid-1_157_player-4.jpg,450,43
M4,303,10,129,29,CV-data-vid-1_157_player-5.jpg,450,43
Dead,10,4,35,34,CV-data-vid-1_158_player-1.jpg,450,43
M4,302,8,107,31,CV-data-vid-1_158_player-2.jpg,450,43
Dead,8,5,34,33,CV-data-vid-1_158_player-3.jpg,450,43
Dead,7,5,36,34,CV-data-vid-1_158_player-4.jpg,450,43
M4,304,9,133,30,CV-data-vid-1_158_player-5.jpg,450,43
Dead,8,6,35,32,CV-data-vid-1_159_player-1.jpg,450,43
M4,302,7,106,31,CV-data-vid-1_159_player-2.jpg,450,43
Dead,8,4,36,34,CV-data-vid-1_159_player-3.jpg,450,43
Dead,8,6,37,34,CV-data-vid-1_159_player-4.jpg,450,43
M4,302,9,132,30,CV-data-vid-1_159_player-5.jpg,450,43
Dead,8,5,35,35,CV-data-vid-1_160_player-1.jpg,450,43
M4,303,9,110,27,CV-data-vid-1_160_player-2.jpg,450,43
Dead,8,4,35,34,CV-data-vid-1_160_player-3.jpg,450,43
Dead,8,5,34,34,CV-data-vid-1_160_player-4.jpg,450,43
M4,302,9,131,31,CV-data-vid-1_160_player-5.jpg,450,43
Dead,8,4,37,34,CV-data-vid-1_161_player-1.jpg,450,43
M4,302,8,113,30,CV-data-vid-1_161_player-2.jpg,450,43
Dead,8,5,35,34,CV-data-vid-1_161_player-3.jpg,450,43
Dead,8,7,35,34,CV-data-vid-1_161_player-4.jpg,450,43
M4,304,11,132,28,CV-data-vid-1_161_player-5.jpg,450,43
Dead,9,3,34,34,CV-data-vid-1_162_player-1.jpg,450,43
M4,301,6,108,31,CV-data-vid-1_162_player-2.jpg,450,43
Dead,10,5,32,32,CV-data-vid-1_162_player-3.jpg,450,43
Dead,9,4,36,35,CV-data-vid-1_162_player-4.jpg,450,43
M4,302,8,136,31,CV-data-vid-1_162_player-5.jpg,450,43
Dead,8,3,34,35,CV-data-vid-1_163_player-1.jpg,450,43
M4,303,10,105,29,CV-data-vid-1_163_player-2.jpg,450,43
Dead,8,5,37,34,CV-data-vid-1_163_player-3.jpg,450,43
Dead,8,5,34,34,CV-data-vid-1_163_player-4.jpg,450,43
M4,303,8,131,32,CV-data-vid-1_163_player-5.jpg,450,43
Dead,10,4,34,34,CV-data-vid-1_164_player-1.jpg,450,43
Dead,5,5,41,34,CV-data-vid-1_164_player-2.jpg,450,43
Dead,8,5,35,34,CV-data-vid-1_164_player-3.jpg,450,43
Dead,6,3,39,37,CV-data-vid-1_164_player-4.jpg,450,43
M4,303,9,131,31,CV-data-vid-1_164_player-5.jpg,450,43
Dead,10,3,32,34,CV-data-vid-1_165_player-1.jpg,450,43
Dead,9,5,35,34,CV-data-vid-1_165_player-2.jpg,450,43
Dead,8,5,34,34,CV-data-vid-1_165_player-3.jpg,450,43
Dead,8,6,36,34,CV-data-vid-1_165_player-4.jpg,450,43
M4,301,11,134,27,CV-data-vid-1_165_player-5.jpg,450,43
Dead,7,5,36,34,CV-data-vid-1_166_player-1.jpg,450,43
Dead,8,5,37,34,CV-data-vid-1_166_player-2.jpg,450,43
Dead,9,5,35,34,CV-data-vid-1_166_player-3.jpg,450,43
Dead,8,5,35,35,CV-data-vid-1_166_player-4.jpg,450,43
M4,303,8,133,32,CV-data-vid-1_166_player-5.jpg,450,43
Dead,8,5,36,33,CV-data-vid-1_167_player-1.jpg,450,43
Dead,7,5,39,36,CV-data-vid-1_167_player-2.jpg,450,43
Dead,9,5,35,33,CV-data-vid-1_167_player-3.jpg,450,43
Dead,10,4,34,34,CV-data-vid-1_167_player-4.jpg,450,43
M4,303,9,129,30,CV-data-vid-1_167_player-5.jpg,450,43
Dead,9,4,35,35,CV-data-vid-1_168_player-1.jpg,450,43
Dead,9,4,36,33,CV-data-vid-1_168_player-2.jpg,450,43
Dead,8,4,35,35,CV-data-vid-1_168_player-3.jpg,450,43
Dead,9,5,35,33,CV-data-vid-1_168_player-4.jpg,450,43
M4,302,9,131,30,CV-data-vid-1_168_player-5.jpg,450,43
Dead,8,4,34,33,CV-data-vid-1_169_player-1.jpg,450,43
Dead,7,4,36,34,CV-data-vid-1_169_player-2.jpg,450,43
Dead,10,5,33,33,CV-data-vid-1_169_player-3.jpg,450,43
M4,302,8,131,31,CV-data-vid-1_169_player-5.jpg,450,43
Dead,8,4,37,34,CV-data-vid-1_170_player-1.jpg,450,43
Dead,9,5,34,32,CV-data-vid-1_170_player-2.jpg,450,43
Dead,8,5,35,33,CV-data-vid-1_170_player-3.jpg,450,43
Dead,8,3,35,35,CV-data-vid-1_170_player-4.jpg,450,43
M4,304,8,130,31,CV-data-vid-1_170_player-5.jpg,450,43
Dead,10,6,33,31,CV-data-vid-1_171_player-1.jpg,450,43
Dead,10,4,35,34,CV-data-vid-1_171_player-2.jpg,450,43
Dead,9,5,34,33,CV-data-vid-1_171_player-3.jpg,450,43
Dead,9,6,33,32,CV-data-vid-1_171_player-4.jpg,450,43
M4,301,11,137,28,CV-data-vid-1_171_player-5.jpg,450,43
Dead,9,5,34,34,CV-data-vid-1_172_player-1.jpg,450,43
Dead,8,3,35,35,CV-data-vid-1_172_player-2.jpg,450,43
Dead,7,5,35,35,CV-data-vid-1_172_player-3.jpg,450,43
Dead,10,4,33,34,CV-data-vid-1_172_player-4.jpg,450,43
M4,303,10,131,28,CV-data-vid-1_172_player-5.jpg,450,43
Dead,10,4,34,34,CV-data-vid-1_173_player-1.jpg,450,43
Dead,8,4,34,34,CV-data-vid-1_173_player-2.jpg,450,43
Dead,8,5,34,33,CV-data-vid-1_173_player-3.jpg,450,43
Dead,8,5,34,33,CV-data-vid-1_173_player-4.jpg,450,43
M4,301,11,134,28,CV-data-vid-1_173_player-5.jpg,450,43
Dead,10,5,33,33,CV-data-vid-1_174_player-1.jpg,450,43
Dead,8,3,35,35,CV-data-vid-1_174_player-2.jpg,450,43
Dead,8,6,34,32,CV-data-vid-1_174_player-3.jpg,450,43
Dead,9,5,34,34,CV-data-vid-1_174_player-4.jpg,450,43
M4,303,9,131,29,CV-data-vid-1_174_player-5.jpg,450,43
Dead,8,4,35,34,CV-data-vid-1_175_player-1.jpg,450,43
Dead,8,5,34,33,CV-data-vid-1_175_player-2.jpg,450,43
Dead,10,5,32,32,CV-data-vid-1_175_player-3.jpg,450,43
Dead,10,7,33,31,CV-data-vid-1_175_player-4.jpg,450,43
M4,304,8,131,30,CV-data-vid-1_175_player-5.jpg,450,43
Dead,8,3,34,34,CV-data-vid-1_176_player-1.jpg,450,43
Dead,8,5,34,34,CV-data-vid-1_176_player-2.jpg,450,43
Dead,8,4,35,34,CV-data-vid-1_176_player-3.jpg,450,43
Dead,8,5,37,34,CV-data-vid-1_176_player-4.jpg,450,43
M4,301,10,135,30,CV-data-vid-1_176_player-5.jpg,450,43
Dead,10,3,31,37,CV-data-vid-1_177_player-1.jpg,450,43
Dead,11,4,33,34,CV-data-vid-1_177_player-2.jpg,450,43
Dead,9,5,36,34,CV-data-vid-1_177_player-3.jpg,450,43
Dead,8,4,36,35,CV-data-vid-1_177_player-4.jpg,450,43
M4,302,8,132,29,CV-data-vid-1_177_player-5.jpg,450,43
Dead,10,5,34,33,CV-data-vid-1_178_player-1.jpg,450,43
Dead,8,4,37,34,CV-data-vid-1_178_player-2.jpg,450,43
Dead,8,5,33,31,CV-data-vid-1_178_player-3.jpg,450,43
Dead,8,5,35,34,CV-data-vid-1_178_player-4.jpg,450,43
M4,303,8,131,31,CV-data-vid-1_178_player-5.jpg,450,43
Dead,9,3,34,37,CV-data-vid-1_179_player-1.jpg,450,43
Dead,9,0,37,40,CV-data-vid-1_179_player-2.jpg,450,43
Dead,9,1,33,36,CV-data-vid-1_179_player-3.jpg,450,43
Dead,11,4,31,34,CV-data-vid-1_179_player-4.jpg,450,43
M4,304,11,134,28,CV-data-vid-1_179_player-5.jpg,450,43
Dead,8,8,33,30,CV-data-vid-1_180_player-1.jpg,450,43
Dead,7,3,36,35,CV-data-vid-1_180_player-2.jpg,450,43
Dead,9,4,35,34,CV-data-vid-1_180_player-3.jpg,450,43
Dead,9,5,34,34,CV-data-vid-1_180_player-4.jpg,450,43
M4,304,11,133,29,CV-data-vid-1_180_player-5.jpg,450,43
Dead,9,3,35,35,CV-data-vid-1_181_player-1.jpg,450,43
Dead,11,5,31,35,CV-data-vid-1_181_player-2.jpg,450,43
Dead,8,5,34,33,CV-data-vid-1_181_player-3.jpg,450,43
Dead,9,3,34,35,CV-data-vid-1_181_player-4.jpg,450,43
M4,301,8,136,34,CV-data-vid-1_181_player-5.jpg,450,43
Dead,9,4,32,35,CV-data-vid-1_182_player-1.jpg,450,43
Dead,8,5,34,34,CV-data-vid-1_182_player-2.jpg,450,43
Dead,8,8,35,31,CV-data-vid-1_182_player-3.jpg,450,43
Dead,8,5,35,34,CV-data-vid-1_182_player-4.jpg,450,43
M4,302,12,132,26,CV-data-vid-1_182_player-5.jpg,450,43
Dead,8,5,35,33,CV-data-vid-1_183_player-1.jpg,450,43
Dead,9,3,34,34,CV-data-vid-1_183_player-2.jpg,450,43
Dead,9,5,34,34,CV-data-vid-1_183_player-3.jpg,450,43
Dead,8,4,33,34,CV-data-vid-1_183_player-4.jpg,450,43
M4,301,8,132,31,CV-data-vid-1_183_player-5.jpg,450,43
AK-47,304,8,117,31,CV-data-vid-1_184_player-1.jpg,450,43
AK-47,305,8,118,30,CV-data-vid-1_184_player-2.jpg,450,43
Dead,11,4,34,34,CV-data-vid-1_184_player-3.jpg,450,43
AK-47,305,9,118,31,CV-data-vid-1_184_player-5.jpg,450,43
AK-47,304,8,118,32,CV-data-vid-1_185_player-1.jpg,450,43
AK-47,305,8,118,31,CV-data-vid-1_185_player-2.jpg,450,43
Dead,7,4,36,36,CV-data-vid-1_185_player-3.jpg,450,43
AK-47,305,10,118,31,CV-data-vid-1_185_player-5.jpg,450,43
AK-47,304,8,119,30,CV-data-vid-1_186_player-1.jpg,450,43
AK-47,305,8,117,29,CV-data-vid-1_186_player-2.jpg,450,43
Dead,7,4,38,36,CV-data-vid-1_186_player-3.jpg,450,43
AK-47,304,9,117,31,CV-data-vid-1_186_player-5.jpg,450,43
AK-47,304,8,118,31,CV-data-vid-1_187_player-1.jpg,450,43
AK-47,305,9,118,29,CV-data-vid-1_187_player-2.jpg,450,43
Dead,8,6,34,33,CV-data-vid-1_187_player-3.jpg,450,43
AK-47,305,11,118,28,CV-data-vid-1_187_player-5.jpg,450,43
AK-47,302,8,120,31,CV-data-vid-1_188_player-1.jpg,450,43
AK-47,302,9,121,30,CV-data-vid-1_188_player-2.jpg,450,43
Dead,8,5,33,33,CV-data-vid-1_188_player-3.jpg,450,43
AK-47,304,9,118,31,CV-data-vid-1_188_player-5.jpg,450,43
AK-47,303,9,119,31,CV-data-vid-1_189_player-1.jpg,450,43
AK-47,302,8,123,31,CV-data-vid-1_189_player-2.jpg,450,43
Dead,8,5,37,33,CV-data-vid-1_189_player-3.jpg,450,43
AK-47,304,10,118,29,CV-data-vid-1_189_player-5.jpg,450,43
AK-47,303,10,121,29,CV-data-vid-1_190_player-2.jpg,450,43
Dead,8,5,36,36,CV-data-vid-1_190_player-3.jpg,450,43
AK-47,302,11,118,30,CV-data-vid-1_190_player-4.jpg,450,43
AK-47,304,10,120,30,CV-data-vid-1_190_player-5.jpg,450,43
AK-47,304,7,118,31,CV-data-vid-1_191_player-2.jpg,450,43
Dead,8,4,39,36,CV-data-vid-1_191_player-3.jpg,450,43
AK-47,303,8,121,33,CV-data-vid-1_191_player-4.jpg,450,43
AK-47,304,11,119,29,CV-data-vid-1_191_player-5.jpg,450,43
AK-47,305,9,117,31,CV-data-vid-1_192_player-2.jpg,450,43
Dead,8,5,38,34,CV-data-vid-1_192_player-3.jpg,450,43
Dead,7,3,38,38,CV-data-vid-1_192_player-4.jpg,450,43
AK-47,304,8,119,31,CV-data-vid-1_192_player-5.jpg,450,43
Dead,7,3,40,37,CV-data-vid-1_193_player-1.jpg,450,43
AK-47,304,7,119,31,CV-data-vid-1_193_player-2.jpg,450,43
Dead,5,4,39,37,CV-data-vid-1_193_player-3.jpg,450,43
Dead,9,5,38,36,CV-data-vid-1_193_player-4.jpg,450,43
AK-47,305,11,118,29,CV-data-vid-1_193_player-5.jpg,450,43
Dead,9,5,37,34,CV-data-vid-1_194_player-1.jpg,450,43
AK-47,303,8,118,31,CV-data-vid-1_194_player-2.jpg,450,43
Dead,7,5,36,34,CV-data-vid-1_194_player-3.jpg,450,43
Dead,7,5,40,36,CV-data-vid-1_194_player-4.jpg,450,43
AK-47,304,10,116,30,CV-data-vid-1_194_player-5.jpg,450,43
Dead,7,4,37,34,CV-data-vid-1_195_player-1.jpg,450,43
AK-47,305,10,118,29,CV-data-vid-1_195_player-2.jpg,450,43
Dead,7,3,39,37,CV-data-vid-1_195_player-3.jpg,450,43
Dead,8,7,40,31,CV-data-vid-1_195_player-4.jpg,450,43
AK-47,305,11,119,29,CV-data-vid-1_195_player-5.jpg,450,43
Dead,8,4,39,34,CV-data-vid-1_196_player-1.jpg,450,43
AK-47,304,8,119,31,CV-data-vid-1_196_player-2.jpg,450,43
Dead,7,5,38,31,CV-data-vid-1_196_player-3.jpg,450,43
Dead,8,7,34,31,CV-data-vid-1_196_player-4.jpg,450,43
AK-47,302,10,121,31,CV-data-vid-1_196_player-5.jpg,450,43
Dead,8,3,36,34,CV-data-vid-1_197_player-1.jpg,450,43
AK-47,303,9,118,31,CV-data-vid-1_197_player-2.jpg,450,43
Dead,8,5,40,35,CV-data-vid-1_197_player-3.jpg,450,43
Dead,8,8,37,31,CV-data-vid-1_197_player-4.jpg,450,43
AK-47,305,9,121,31,CV-data-vid-1_197_player-5.jpg,450,43
Dead,7,3,41,34,CV-data-vid-1_198_player-1.jpg,450,43
AK-47,305,8,118,30,CV-data-vid-1_198_player-2.jpg,450,43
Dead,8,6,37,32,CV-data-vid-1_198_player-3.jpg,450,43
Dead,7,7,38,32,CV-data-vid-1_198_player-4.jpg,450,43
AK-47,305,9,118,28,CV-data-vid-1_198_player-5.jpg,450,43
Dead,8,5,35,33,CV-data-vid-1_199_player-1.jpg,450,43
AK-47,305,10,118,29,CV-data-vid-1_199_player-2.jpg,450,43
Dead,9,6,34,31,CV-data-vid-1_199_player-3.jpg,450,43
Dead,10,4,36,36,CV-data-vid-1_199_player-4.jpg,450,43
AK-47,305,11,118,29,CV-data-vid-1_199_player-5.jpg,450,43
Dead,8,3,36,34,CV-data-vid-1_200_player-1.jpg,450,43
AK-47,304,7,118,33,CV-data-vid-1_200_player-2.jpg,450,43
Dead,8,4,37,36,CV-data-vid-1_200_player-3.jpg,450,43
Dead,9,5,33,33,CV-data-vid-1_200_player-4.jpg,450,43
AK-47,303,10,121,31,CV-data-vid-1_200_player-5.jpg,450,43
Dead,8,5,38,33,CV-data-vid-1_201_player-1.jpg,450,43
AK-47,305,9,118,30,CV-data-vid-1_201_player-2.jpg,450,43
Dead,8,8,34,30,CV-data-vid-1_201_player-3.jpg,450,43
Dead,9,6,34,32,CV-data-vid-1_201_player-4.jpg,450,43
AK-47,304,11,118,28,CV-data-vid-1_201_player-5.jpg,450,43
Dead,8,3,35,34,CV-data-vid-1_202_player-1.jpg,450,43
AK-47,304,9,118,29,CV-data-vid-1_202_player-2.jpg,450,43
Dead,8,5,34,34,CV-data-vid-1_202_player-3.jpg,450,43
Dead,11,6,32,32,CV-data-vid-1_202_player-4.jpg,450,43
AK-47,303,8,121,31,CV-data-vid-1_202_player-5.jpg,450,43
Dead,8,5,36,34,CV-data-vid-1_203_player-1.jpg,450,43
AK-47,304,8,119,31,CV-data-vid-1_203_player-2.jpg,450,43
Dead,8,7,34,31,CV-data-vid-1_203_player-3.jpg,450,43
Dead,8,7,36,31,CV-data-vid-1_203_player-4.jpg,450,43
AK-47,304,10,119,30,CV-data-vid-1_203_player-5.jpg,450,43
Dead,8,4,35,34,CV-data-vid-1_204_player-1.jpg,450,43
AK-47,304,8,118,31,CV-data-vid-1_204_player-2.jpg,450,43
Dead,8,5,37,34,CV-data-vid-1_204_player-3.jpg,450,43
Dead,9,3,36,37,CV-data-vid-1_204_player-4.jpg,450,43
AK-47,305,11,116,28,CV-data-vid-1_204_player-5.jpg,450,43
Dead,7,3,38,35,CV-data-vid-1_205_player-1.jpg,450,43
AK-47,304,9,118,28,CV-data-vid-1_205_player-2.jpg,450,43
Dead,8,5,37,34,CV-data-vid-1_205_player-3.jpg,450,43
Dead,7,4,36,36,CV-data-vid-1_205_player-4.jpg,450,43
AK-47,304,11,118,29,CV-data-vid-1_205_player-5.jpg,450,43
Dead,8,5,35,34,CV-data-vid-1_206_player-3.jpg,450,43
Dead,9,7,36,33,CV-data-vid-1_207_player-3.jpg,450,43
Dead,11,6,33,32,CV-data-vid-1_208_player-3.jpg,450,43
Dead,11,5,31,34,CV-data-vid-1_209_player-3.jpg,450,43
Dead,8,5,34,31,CV-data-vid-1_210_player-3.jpg,450,43
Dead,7,5,37,34,CV-data-vid-1_211_player-3.jpg,450,43
Dead,10,6,33,33,CV-data-vid-1_212_player-3.jpg,450,43
M4,303,9,107,30,CV-data-vid-1_213_player-2.jpg,450,43
Dead,8,6,34,33,CV-data-vid-1_213_player-3.jpg,450,43
M4,301,7,108,32,CV-data-vid-1_214_player-2.jpg,450,43
Dead,8,8,36,31,CV-data-vid-1_214_player-3.jpg,450,43
M4,303,9,109,29,CV-data-vid-1_215_player-2.jpg,450,43
Dead,8,5,37,35,CV-data-vid-1_215_player-3.jpg,450,43
M4,300,6,110,35,CV-data-vid-1_216_player-2.jpg,450,43
Dead,8,5,37,34,CV-data-vid-1_216_player-3.jpg,450,43
M4,302,8,107,31,CV-data-vid-1_217_player-2.jpg,450,43
Dead,8,7,36,33,CV-data-vid-1_217_player-3.jpg,450,43
M4,303,8,107,32,CV-data-vid-1_218_player-2.jpg,450,43
Dead,9,7,34,31,CV-data-vid-1_218_player-3.jpg,450,43
M4,301,5,107,34,CV-data-vid-1_219_player-2.jpg,450,43
Dead,8,6,38,34,CV-data-vid-1_219_player-3.jpg,450,43
M4,301,10,112,29,CV-data-vid-1_220_player-2.jpg,450,43
Dead,6,6,37,31,CV-data-vid-1_220_player-3.jpg,450,43
M4,301,7,110,32,CV-data-vid-1_221_player-2.jpg,450,43
Dead,8,6,37,34,CV-data-vid-1_221_player-3.jpg,450,43
M4,301,8,109,33,CV-data-vid-1_222_player-2.jpg,450,43
Dead,9,5,34,34,CV-data-vid-1_222_player-3.jpg,450,43
M4,303,8,105,31,CV-data-vid-1_223_player-2.jpg,450,43
Dead,8,5,36,34,CV-data-vid-1_223_player-3.jpg,450,43
M4,302,8,110,32,CV-data-vid-1_224_player-2.jpg,450,43
Dead,8,7,34,33,CV-data-vid-1_224_player-3.jpg,450,43
M4,302,10,107,28,CV-data-vid-1_225_player-2.jpg,450,43
Dead,7,5,38,34,CV-data-vid-1_225_player-3.jpg,450,43
M4,301,9,109,30,CV-data-vid-1_226_player-2.jpg,450,43
Dead,8,6,37,32,CV-data-vid-1_226_player-3.jpg,450,43
M4,303,8,106,30,CV-data-vid-1_227_player-2.jpg,450,43
Dead,8,5,38,34,CV-data-vid-1_227_player-3.jpg,450,43
M4,302,8,107,29,CV-data-vid-1_228_player-2.jpg,450,43
Dead,8,3,37,37,CV-data-vid-1_228_player-3.jpg,450,43
M4,301,8,109,31,CV-data-vid-1_229_player-2.jpg,450,43
Dead,8,5,35,33,CV-data-vid-1_229_player-3.jpg,450,43
M4,302,8,109,31,CV-data-vid-1_230_player-2.jpg,450,43
Dead,10,6,33,31,CV-data-vid-1_230_player-3.jpg,450,43
M4,304,9,105,29,CV-data-vid-1_231_player-2.jpg,450,43
Dead,9,6,34,30,CV-data-vid-1_231_player-3.jpg,450,43
M4,301,10,109,28,CV-data-vid-1_232_player-2.jpg,450,43
Dead,8,6,35,33,CV-data-vid-1_232_player-3.jpg,450,43
M4,303,6,111,33,CV-data-vid-1_233_player-2.jpg,450,43
Dead,8,5,37,35,CV-data-vid-1_233_player-3.jpg,450,43
M4,302,8,108,31,CV-data-vid-1_234_player-2.jpg,450,43
Dead,8,4,35,34,CV-data-vid-1_234_player-3.jpg,450,43
M4,303,8,107,31,CV-data-vid-1_235_player-2.jpg,450,43
Dead,9,7,36,31,CV-data-vid-1_235_player-3.jpg,450,43
M4,303,9,111,30,CV-data-vid-1_236_player-2.jpg,450,43
Dead,8,6,36,31,CV-data-vid-1_236_player-3.jpg,450,43
M4,303,8,108,29,CV-data-vid-1_237_player-2.jpg,450,43
Dead,8,5,37,34,CV-data-vid-1_237_player-3.jpg,450,43
M4,303,8,107,28,CV-data-vid-1_238_player-2.jpg,450,43
Dead,8,6,36,32,CV-data-vid-1_238_player-3.jpg,450,43
M4,304,9,108,28,CV-data-vid-1_239_player-2.jpg,450,43
Dead,8,5,37,34,CV-data-vid-1_239_player-3.jpg,450,43
M4,302,8,110,30,CV-data-vid-1_240_player-2.jpg,450,43
Dead,7,5,36,34,CV-data-vid-1_240_player-3.jpg,450,43
M4,303,8,107,30,CV-data-vid-1_241_player-2.jpg,450,43
Dead,8,5,39,31,CV-data-vid-1_241_player-3.jpg,450,43
M4,304,10,105,28,CV-data-vid-1_242_player-2.jpg,450,43
Dead,8,6,37,34,CV-data-vid-1_242_player-3.jpg,450,43
M4,304,8,106,30,CV-data-vid-1_243_player-2.jpg,450,43
Dead,8,5,37,33,CV-data-vid-1_243_player-3.jpg,450,43
M4,303,9,105,29,CV-data-vid-1_244_player-2.jpg,450,43
Dead,8,6,38,32,CV-data-vid-1_244_player-3.jpg,450,43
M4,301,8,110,31,CV-data-vid-1_245_player-2.jpg,450,43
Dead,8,6,37,32,CV-data-vid-1_245_player-3.jpg,450,43
M4,302,9,107,28,CV-data-vid-1_246_player-2.jpg,450,43
Dead,9,8,33,30,CV-data-vid-1_246_player-3.jpg,450,43
M4,302,9,108,31,CV-data-vid-1_247_player-2.jpg,450,43
Dead,8,4,33,34,CV-data-vid-1_247_player-3.jpg,450,43
M4,302,8,108,30,CV-data-vid-1_248_player-2.jpg,450,43
Dead,10,5,34,34,CV-data-vid-1_248_player-3.jpg,450,43
M4,302,9,105,29,CV-data-vid-1_249_player-2.jpg,450,43
Dead,9,4,37,34,CV-data-vid-1_249_player-3.jpg,450,43
M4,301,8,108,31,CV-data-vid-1_250_player-2.jpg,450,43
Dead,10,3,33,35,CV-data-vid-1_250_player-3.jpg,450,43
Dead,9,7,34,34,CV-data-vid-1_250_player-4.jpg,450,43
M4,302,10,104,30,CV-data-vid-1_251_player-2.jpg,450,43
Dead,8,4,34,34,CV-data-vid-1_251_player-3.jpg,450,43
M4,301,8,107,32,CV-data-vid-1_252_player-2.jpg,450,43
Dead,8,6,36,33,CV-data-vid-1_252_player-3.jpg,450,43
Dead,7,8,37,31,CV-data-vid-1_252_player-4.jpg,450,43
M4,301,9,108,31,CV-data-vid-1_252_player-5.jpg,450,43
M4,302,9,107,29,CV-data-vid-1_253_player-2.jpg,450,43
Dead,8,4,37,34,CV-data-vid-1_253_player-3.jpg,450,43
Dead,6,3,37,37,CV-data-vid-1_253_player-4.jpg,450,43
M4,302,10,106,29,CV-data-vid-1_253_player-5.jpg,450,43
M4,304,10,106,28,CV-data-vid-1_254_player-2.jpg,450,43
Dead,8,5,33,36,CV-data-vid-1_254_player-3.jpg,450,43
Dead,8,5,34,35,CV-data-vid-1_254_player-4.jpg,450,43
M4,302,10,104,31,CV-data-vid-1_254_player-5.jpg,450,43
M4,304,9,103,30,CV-data-vid-1_255_player-2.jpg,450,43
Dead,8,6,32,33,CV-data-vid-1_255_player-3.jpg,450,43
Dead,10,6,33,33,CV-data-vid-1_255_player-4.jpg,450,43
M4,303,9,107,31,CV-data-vid-1_255_player-5.jpg,450,43
M4,302,9,110,29,CV-data-vid-1_256_player-2.jpg,450,43
Dead,9,5,34,34,CV-data-vid-1_256_player-3.jpg,450,43
Dead,8,5,34,35,CV-data-vid-1_256_player-4.jpg,450,43
M4,304,10,107,29,CV-data-vid-1_256_player-5.jpg,450,43
M4,304,8,106,31,CV-data-vid-1_257_player-2.jpg,450,43
Dead,8,6,35,32,CV-data-vid-1_257_player-3.jpg,450,43
Dead,8,5,35,34,CV-data-vid-1_257_player-4.jpg,450,43
M4,302,9,106,30,CV-data-vid-1_257_player-5.jpg,450,43
M4,302,9,107,28,CV-data-vid-1_258_player-2.jpg,450,43
Dead,8,5,37,35,CV-data-vid-1_258_player-3.jpg,450,43
Dead,9,7,35,31,CV-data-vid-1_258_player-4.jpg,450,43
M4,302,10,107,31,CV-data-vid-1_258_player-5.jpg,450,43
M4,304,10,104,28,CV-data-vid-1_259_player-2.jpg,450,43
Dead,9,6,35,32,CV-data-vid-1_259_player-3.jpg,450,43
Dead,10,6,36,32,CV-data-vid-1_259_player-4.jpg,450,43
M4,304,10,104,28,CV-data-vid-1_259_player-5.jpg,450,43
M4,303,9,105,28,CV-data-vid-1_260_player-2.jpg,450,43
Dead,8,5,34,34,CV-data-vid-1_260_player-3.jpg,450,43
Dead,8,6,36,31,CV-data-vid-1_260_player-4.jpg,450,43
M4,303,9,107,29,CV-data-vid-1_260_player-5.jpg,450,43
M4,303,8,107,32,CV-data-vid-1_261_player-2.jpg,450,43
Dead,9,7,34,31,CV-data-vid-1_261_player-3.jpg,450,43
Dead,8,4,39,34,CV-data-vid-1_261_player-4.jpg,450,43
M4,304,10,109,30,CV-data-vid-1_261_player-5.jpg,450,43
M4,301,10,107,29,CV-data-vid-1_262_player-2.jpg,450,43
Dead,9,7,34,30,CV-data-vid-1_262_player-3.jpg,450,43
Dead,8,6,36,33,CV-data-vid-1_262_player-4.jpg,450,43
M4,303,10,107,31,CV-data-vid-1_262_player-5.jpg,450,43
M4,304,11,104,28,CV-data-vid-1_263_player-2.jpg,450,43
Dead,9,5,37,35,CV-data-vid-1_263_player-3.jpg,450,43
Dead,8,5,34,34,CV-data-vid-1_263_player-4.jpg,450,43
Dead,10,6,31,33,CV-data-vid-1_263_player-5.jpg,450,43
M4,302,10,107,28,CV-data-vid-1_264_player-2.jpg,450,43
Dead,8,5,34,32,CV-data-vid-1_264_player-3.jpg,450,43
Dead,8,6,36,34,CV-data-vid-1_264_player-4.jpg,450,43
Dead,9,5,32,36,CV-data-vid-1_264_player-5.jpg,450,43
M4,303,9,107,30,CV-data-vid-1_265_player-2.jpg,450,43
Dead,8,5,36,33,CV-data-vid-1_265_player-3.jpg,450,43
Dead,7,6,39,35,CV-data-vid-1_265_player-4.jpg,450,43
Dead,9,9,38,30,CV-data-vid-1_265_player-5.jpg,450,43
Dead,6,3,39,36,CV-data-vid-1_266_player-2.jpg,450,43
Dead,10,5,34,34,CV-data-vid-1_266_player-3.jpg,450,43
Dead,9,5,33,34,CV-data-vid-1_266_player-4.jpg,450,43
Dead,9,5,34,33,CV-data-vid-1_266_player-5.jpg,450,43
Dead,7,4,38,34,CV-data-vid-1_267_player-2.jpg,450,43
Dead,8,5,37,34,CV-data-vid-1_267_player-3.jpg,450,43
Dead,9,5,37,36,CV-data-vid-1_267_player-4.jpg,450,43
Dead,10,6,33,31,CV-data-vid-1_267_player-5.jpg,450,43
Dead,8,5,37,34,CV-data-vid-1_268_player-2.jpg,450,43
Dead,9,3,34,36,CV-data-vid-1_268_player-3.jpg,450,43
Dead,7,7,38,32,CV-data-vid-1_268_player-4.jpg,450,43
Dead,8,4,37,34,CV-data-vid-1_268_player-5.jpg,450,43
Dead,10,3,34,34,CV-data-vid-1_269_player-2.jpg,450,43
Dead,9,5,34,32,CV-data-vid-1_269_player-3.jpg,450,43
Dead,10,5,37,34,CV-data-vid-1_269_player-4.jpg,450,43
Dead,8,5,41,34,CV-data-vid-1_269_player-5.jpg,450,43
Dead,8,4,37,34,CV-data-vid-1_270_player-2.jpg,450,43
Dead,8,7,36,31,CV-data-vid-1_270_player-3.jpg,450,43
Dead,8,6,34,32,CV-data-vid-1_270_player-4.jpg,450,43
Dead,8,5,37,34,CV-data-vid-1_270_player-5.jpg,450,43
Dead,9,5,35,33,CV-data-vid-1_271_player-2.jpg,450,43
Dead,8,5,34,34,CV-data-vid-1_271_player-3.jpg,450,43
Dead,10,6,37,33,CV-data-vid-1_271_player-4.jpg,450,43
Dead,8,5,34,34,CV-data-vid-1_271_player-5.jpg,450,43
Dead,8,8,34,29,CV-data-vid-1_272_player-2.jpg,450,43
Dead,9,6,33,32,CV-data-vid-1_272_player-3.jpg,450,43
Dead,7,6,35,33,CV-data-vid-1_272_player-4.jpg,450,43
Dead,8,5,35,33,CV-data-vid-1_272_player-5.jpg,450,43
Dead,8,5,34,33,CV-data-vid-1_273_player-2.jpg,450,43
Dead,8,7,35,31,CV-data-vid-1_273_player-3.jpg,450,43
Dead,8,5,35,34,CV-data-vid-1_273_player-4.jpg,450,43
Dead,10,6,32,32,CV-data-vid-1_273_player-5.jpg,450,43
Dead,8,5,34,33,CV-data-vid-1_274_player-2.jpg,450,43
Dead,8,8,34,28,CV-data-vid-1_274_player-3.jpg,450,43
Dead,8,7,33,33,CV-data-vid-1_274_player-4.jpg,450,43
Dead,8,7,34,31,CV-data-vid-1_274_player-5.jpg,450,43
Dead,9,5,33,31,CV-data-vid-1_275_player-2.jpg,450,43
Dead,8,4,37,34,CV-data-vid-1_275_player-3.jpg,450,43
Dead,8,7,36,31,CV-data-vid-1_275_player-4.jpg,450,43
Dead,9,6,35,31,CV-data-vid-1_275_player-5.jpg,450,43
Dead,9,5,35,33,CV-data-vid-1_276_player-2.jpg,450,43
Dead,8,7,36,32,CV-data-vid-1_276_player-3.jpg,450,43
Dead,8,4,35,34,CV-data-vid-1_276_player-4.jpg,450,43
Dead,10,7,34,31,CV-data-vid-1_276_player-5.jpg,450,43
Dead,9,6,34,30,CV-data-vid-1_277_player-2.jpg,450,43
Dead,8,6,34,33,CV-data-vid-1_277_player-3.jpg,450,43
Dead,8,5,37,34,CV-data-vid-1_277_player-4.jpg,450,43
Dead,10,8,34,31,CV-data-vid-1_277_player-5.jpg,450,43
Dead,8,5,37,34,CV-data-vid-1_278_player-2.jpg,450,43
Dead,8,6,34,33,CV-data-vid-1_278_player-3.jpg,450,43
Dead,8,5,34,34,CV-data-vid-1_278_player-4.jpg,450,43
Dead,8,7,37,31,CV-data-vid-1_278_player-5.jpg,450,43
Dead,8,7,33,32,CV-data-vid-1_279_player-2.jpg,450,43
Dead,9,5,32,34,CV-data-vid-1_279_player-3.jpg,450,43
Dead,8,5,38,34,CV-data-vid-1_279_player-4.jpg,450,43
Dead,8,6,36,32,CV-data-vid-1_279_player-5.jpg,450,43
M4,303,8,104,31,CV-data-vid-1_280_player-1.jpg,450,43
Dead,8,8,36,30,CV-data-vid-1_280_player-2.jpg,450,43
Dead,9,8,33,29,CV-data-vid-1_280_player-3.jpg,450,43
Dead,9,5,32,34,CV-data-vid-1_280_player-4.jpg,450,43
Dead,8,9,35,31,CV-data-vid-1_280_player-5.jpg,450,43
M4,302,10,104,28,CV-data-vid-1_281_player-1.jpg,450,43
Dead,8,5,36,33,CV-data-vid-1_281_player-2.jpg,450,43
Dead,8,6,34,32,CV-data-vid-1_281_player-3.jpg,450,43
Dead,9,6,34,34,CV-data-vid-1_281_player-4.jpg,450,43
Dead,9,7,33,32,CV-data-vid-1_281_player-5.jpg,450,43
M4,301,9,109,29,CV-data-vid-1_282_player-1.jpg,450,43
Dead,8,6,35,31,CV-data-vid-1_282_player-2.jpg,450,43
Dead,10,5,33,32,CV-data-vid-1_282_player-3.jpg,450,43
Dead,10,7,31,30,CV-data-vid-1_282_player-4.jpg,450,43
Dead,8,7,33,31,CV-data-vid-1_282_player-5.jpg,450,43
M4,302,7,107,32,CV-data-vid-1_283_player-1.jpg,450,43
Dead,9,5,33,33,CV-data-vid-1_283_player-2.jpg,450,43
Dead,8,5,35,34,CV-data-vid-1_283_player-3.jpg,450,43
Dead,8,6,35,31,CV-data-vid-1_283_player-4.jpg,450,43
Dead,8,6,34,34,CV-data-vid-1_283_player-5.jpg,450,43
Dead,8,5,34,34,CV-data-vid-1_284_player-1.jpg,450,43
Dead,8,4,32,34,CV-data-vid-1_284_player-3.jpg,450,43
Dead,8,3,35,36,CV-data-vid-1_284_player-4.jpg,450,43
AK-47,303,11,118,29,CV-data-vid-1_284_player-5.jpg,450,43
Dead,8,3,37,34,CV-data-vid-1_285_player-1.jpg,450,43
Dead,9,5,35,35,CV-data-vid-1_285_player-3.jpg,450,43
Dead,7,7,36,34,CV-data-vid-1_285_player-4.jpg,450,43
AK-47,303,10,118,28,CV-data-vid-1_285_player-5.jpg,450,43
Dead,6,4,37,36,CV-data-vid-1_286_player-1.jpg,450,43
Dead,8,5,37,34,CV-data-vid-1_286_player-3.jpg,450,43
Dead,8,5,36,34,CV-data-vid-1_286_player-4.jpg,450,43
AK-47,303,11,116,28,CV-data-vid-1_286_player-5.jpg,450,43
Dead,8,3,35,34,CV-data-vid-1_287_player-1.jpg,450,43
Dead,8,6,34,34,CV-data-vid-1_287_player-3.jpg,450,43
Dead,9,5,36,33,CV-data-vid-1_287_player-4.jpg,450,43
AK-47,303,10,118,28,CV-data-vid-1_287_player-5.jpg,450,43
Dead,9,3,35,34,CV-data-vid-1_288_player-1.jpg,450,43
Dead,9,4,35,36,CV-data-vid-1_288_player-3.jpg,450,43
Dead,8,3,37,37,CV-data-vid-1_288_player-4.jpg,450,43
AK-47,304,10,117,30,CV-data-vid-1_288_player-5.jpg,450,43
Dead,8,4,37,35,CV-data-vid-1_289_player-1.jpg,450,43
Dead,8,3,37,36,CV-data-vid-1_289_player-3.jpg,450,43
Dead,7,5,37,35,CV-data-vid-1_289_player-4.jpg,450,43
Dead,8,3,35,38,CV-data-vid-1_289_player-5.jpg,450,43
AK-47,305,6,117,33,CV-data-vid-1_290_player-1.jpg,450,43
AK-47,302,6,121,31,CV-data-vid-1_290_player-2.jpg,450,43
Dead,7,5,37,36,CV-data-vid-1_290_player-3.jpg,450,43
AWP,302,11,148,27,CV-data-vid-1_290_player-4.jpg,450,43
Dead,8,4,36,37,CV-data-vid-1_290_player-5.jpg,450,43
AK-47,305,9,116,29,CV-data-vid-1_291_player-1.jpg,450,43
AK-47,304,9,118,31,CV-data-vid-1_291_player-2.jpg,450,43
Dead,8,5,36,34,CV-data-vid-1_291_player-3.jpg,450,43
AWP,302,13,148,25,CV-data-vid-1_291_player-4.jpg,450,43
Dead,7,4,38,36,CV-data-vid-1_291_player-5.jpg,450,43
AK-47,304,9,118,30,CV-data-vid-1_292_player-1.jpg,450,43
AK-47,305,9,115,28,CV-data-vid-1_292_player-2.jpg,450,43
Dead,8,5,35,33,CV-data-vid-1_292_player-3.jpg,450,43
AWP,302,10,145,27,CV-data-vid-1_292_player-4.jpg,450,43
Dead,6,5,39,34,CV-data-vid-1_292_player-5.jpg,450,43
AK-47,304,10,117,28,CV-data-vid-1_293_player-1.jpg,450,43
AK-47,304,9,117,28,CV-data-vid-1_293_player-2.jpg,450,43
Dead,7,5,36,34,CV-data-vid-1_293_player-3.jpg,450,43
AWP,303,11,146,25,CV-data-vid-1_293_player-4.jpg,450,43
Dead,7,3,38,37,CV-data-vid-1_293_player-5.jpg,450,43
AK-47,304,8,117,30,CV-data-vid-1_294_player-1.jpg,450,43
AK-47,304,9,117,29,CV-data-vid-1_294_player-2.jpg,450,43
Dead,8,2,36,37,CV-data-vid-1_294_player-3.jpg,450,43
AWP,302,12,148,25,CV-data-vid-1_294_player-4.jpg,450,43
Dead,7,5,37,35,CV-data-vid-1_294_player-5.jpg,450,43
AK-47,304,11,117,28,CV-data-vid-1_295_player-1.jpg,450,43
AK-47,305,11,116,28,CV-data-vid-1_295_player-2.jpg,450,43
Dead,8,5,40,34,CV-data-vid-1_295_player-3.jpg,450,43
AWP,302,11,145,26,CV-data-vid-1_295_player-4.jpg,450,43
Dead,8,5,40,34,CV-data-vid-1_295_player-5.jpg,450,43
AK-47,303,9,119,31,CV-data-vid-1_296_player-1.jpg,450,43
AK-47,303,9,121,32,CV-data-vid-1_296_player-2.jpg,450,43
Dead,6,3,39,37,CV-data-vid-1_296_player-3.jpg,450,43
AWP,303,13,146,23,CV-data-vid-1_296_player-4.jpg,450,43
Dead,8,5,38,35,CV-data-vid-1_296_player-5.jpg,450,43
AK-47,303,8,120,31,CV-data-vid-1_297_player-1.jpg,450,43
AK-47,304,7,121,31,CV-data-vid-1_297_player-2.jpg,450,43
Dead,8,3,39,36,CV-data-vid-1_297_player-3.jpg,450,43
AWP,304,12,144,26,CV-data-vid-1_297_player-4.jpg,450,43
Dead,8,5,34,33,CV-data-vid-1_297_player-5.jpg,450,43
AK-47,305,9,119,28,CV-data-vid-1_298_player-1.jpg,450,43
AK-47,303,9,117,30,CV-data-vid-1_298_player-2.jpg,450,43
Dead,8,5,34,34,CV-data-vid-1_298_player-3.jpg,450,43
AWP,303,13,147,23,CV-data-vid-1_298_player-4.jpg,450,43
Dead,8,5,36,35,CV-data-vid-1_298_player-5.jpg,450,43
AK-47,303,8,119,31,CV-data-vid-1_299_player-1.jpg,450,43
AK-47,305,8,117,30,CV-data-vid-1_299_player-2.jpg,450,43
Dead,7,5,40,34,CV-data-vid-1_299_player-3.jpg,450,43
Dead,8,5,35,34,CV-data-vid-1_299_player-4.jpg,450,43
AK-47,303,7,118,32,CV-data-vid-1_299_player-5.jpg,450,43
AK-47,304,5,121,35,CV-data-vid-1_300_player-1.jpg,450,43
AK-47,304,8,120,31,CV-data-vid-1_300_player-2.jpg,450,43
Dead,5,2,37,38,CV-data-vid-1_300_player-3.jpg,450,43
Dead,10,6,34,31,CV-data-vid-1_300_player-4.jpg,450,43
AK-47,305,8,123,31,CV-data-vid-1_300_player-5.jpg,450,43
AK-47,305,7,116,32,CV-data-vid-1_301_player-1.jpg,450,43
AK-47,305,7,117,33,CV-data-vid-1_301_player-2.jpg,450,43
Dead,9,5,35,33,CV-data-vid-1_301_player-3.jpg,450,43
Dead,9,5,33,32,CV-data-vid-1_301_player-4.jpg,450,43
AK-47,304,8,118,31,CV-data-vid-1_301_player-5.jpg,450,43
AK-47,304,8,118,32,CV-data-vid-1_302_player-1.jpg,450,43
AK-47,304,9,120,31,CV-data-vid-1_302_player-2.jpg,450,43
Dead,7,7,37,34,CV-data-vid-1_302_player-3.jpg,450,43
Dead,8,5,36,32,CV-data-vid-1_302_player-4.jpg,450,43
AK-47,305,11,118,28,CV-data-vid-1_302_player-5.jpg,450,43
AK-47,304,8,116,33,CV-data-vid-1_303_player-1.jpg,450,43
AK-47,303,7,122,32,CV-data-vid-1_303_player-2.jpg,450,43
Dead,10,5,34,34,CV-data-vid-1_303_player-3.jpg,450,43
Dead,9,7,34,31,CV-data-vid-1_303_player-4.jpg,450,43
AK-47,304,8,119,31,CV-data-vid-1_303_player-5.jpg,450,43
AK-47,305,8,117,31,CV-data-vid-1_304_player-1.jpg,450,43
AK-47,303,8,119,31,CV-data-vid-1_304_player-2.jpg,450,43
Dead,8,4,39,34,CV-data-vid-1_304_player-3.jpg,450,43
Dead,8,6,34,32,CV-data-vid-1_304_player-4.jpg,450,43
AK-47,305,8,119,29,CV-data-vid-1_304_player-5.jpg,450,43
AK-47,304,8,121,32,CV-data-vid-1_305_player-1.jpg,450,43
AK-47,305,8,116,30,CV-data-vid-1_305_player-2.jpg,450,43
Dead,9,3,35,35,CV-data-vid-1_305_player-3.jpg,450,43
Dead,8,6,39,33,CV-data-vid-1_305_player-4.jpg,450,43
AK-47,304,8,118,32,CV-data-vid-1_305_player-5.jpg,450,43
AK-47,305,8,118,32,CV-data-vid-1_306_player-1.jpg,450,43
AK-47,302,7,122,34,CV-data-vid-1_306_player-2.jpg,450,43
Dead,6,5,40,34,CV-data-vid-1_306_player-3.jpg,450,43
Dead,8,5,39,34,CV-data-vid-1_306_player-4.jpg,450,43
AK-47,303,10,122,31,CV-data-vid-1_306_player-5.jpg,450,43
AK-47,303,8,117,30,CV-data-vid-1_307_player-1.jpg,450,43
Dead,8,3,37,37,CV-data-vid-1_307_player-2.jpg,450,43
Dead,8,3,39,37,CV-data-vid-1_307_player-3.jpg,450,43
AWP,303,10,145,28,CV-data-vid-1_307_player-4.jpg,450,43
AK-47,305,10,115,31,CV-data-vid-1_307_player-5.jpg,450,43
AK-47,304,8,119,32,CV-data-vid-1_308_player-1.jpg,450,43
Dead,6,3,35,34,CV-data-vid-1_308_player-2.jpg,450,43
Dead,6,5,38,34,CV-data-vid-1_308_player-3.jpg,450,43
AWP,301,9,148,29,CV-data-vid-1_308_player-4.jpg,450,43
AK-47,305,11,119,30,CV-data-vid-1_308_player-5.jpg,450,43
AK-47,303,8,123,31,CV-data-vid-1_309_player-1.jpg,450,43
Dead,9,3,31,35,CV-data-vid-1_309_player-2.jpg,450,43
Dead,8,4,36,36,CV-data-vid-1_309_player-3.jpg,450,43
AWP,301,11,149,26,CV-data-vid-1_309_player-4.jpg,450,43
AK-47,304,8,120,34,CV-data-vid-1_309_player-5.jpg,450,43
AK-47,303,10,121,31,CV-data-vid-1_310_player-1.jpg,450,43
Dead,9,5,35,34,CV-data-vid-1_310_player-2.jpg,450,43
Dead,8,5,37,34,CV-data-vid-1_310_player-3.jpg,450,43
AWP,302,10,148,27,CV-data-vid-1_310_player-4.jpg,450,43
AK-47,305,9,117,31,CV-data-vid-1_310_player-5.jpg,450,43
AK-47,304,8,120,31,CV-data-vid-1_311_player-1.jpg,450,43
Dead,8,2,34,37,CV-data-vid-1_311_player-2.jpg,450,43
Dead,10,5,34,31,CV-data-vid-1_311_player-3.jpg,450,43
AWP,302,11,148,26,CV-data-vid-1_311_player-4.jpg,450,43
AK-47,302,8,121,31,CV-data-vid-1_311_player-5.jpg,450,43
AK-47,303,9,119,29,CV-data-vid-1_312_player-1.jpg,450,43
Dead,8,5,37,37,CV-data-vid-1_312_player-2.jpg,450,43
Dead,8,6,33,31,CV-data-vid-1_312_player-3.jpg,450,43
AWP,302,9,147,28,CV-data-vid-1_312_player-4.jpg,450,43
AK-47,304,9,115,31,CV-data-vid-1_312_player-5.jpg,450,43
AK-47,303,7,118,33,CV-data-vid-1_313_player-1.jpg,450,43
Dead,11,5,39,32,CV-data-vid-1_313_player-2.jpg,450,43
Dead,9,4,33,34,CV-data-vid-1_313_player-3.jpg,450,43
AWP,302,9,148,28,CV-data-vid-1_313_player-4.jpg,450,43
AK-47,302,8,121,31,CV-data-vid-1_313_player-5.jpg,450,43
AK-47,303,9,118,28,CV-data-vid-1_314_player-1.jpg,450,43
Dead,8,5,37,32,CV-data-vid-1_314_player-2.jpg,450,43
Dead,8,4,37,34,CV-data-vid-1_314_player-3.jpg,450,43
AWP,302,11,147,27,CV-data-vid-1_314_player-4.jpg,450,43
AK-47,303,10,119,28,CV-data-vid-1_314_player-5.jpg,450,43
AK-47,305,11,116,29,CV-data-vid-1_315_player-1.jpg,450,43
Dead,8,5,39,34,CV-data-vid-1_315_player-2.jpg,450,43
Dead,8,3,36,35,CV-data-vid-1_315_player-3.jpg,450,43
AWP,303,11,147,26,CV-data-vid-1_315_player-4.jpg,450,43
AK-47,305,9,119,31,CV-data-vid-1_315_player-5.jpg,450,43
AK-47,305,10,118,29,CV-data-vid-1_316_player-1.jpg,450,43
Dead,8,5,37,32,CV-data-vid-1_316_player-2.jpg,450,43
Dead,8,5,33,32,CV-data-vid-1_316_player-3.jpg,450,43
AWP,302,11,147,26,CV-data-vid-1_316_player-4.jpg,450,43
AK-47,305,10,119,29,CV-data-vid-1_316_player-5.jpg,450,43
AK-47,305,10,119,28,CV-data-vid-1_317_player-1.jpg,450,43
Dead,5,3,39,34,CV-data-vid-1_317_player-2.jpg,450,43
Dead,8,5,37,34,CV-data-vid-1_317_player-3.jpg,450,43
AWP,301,11,149,26,CV-data-vid-1_317_player-4.jpg,450,43
AK-47,304,10,119,29,CV-data-vid-1_317_player-5.jpg,450,43
AK-47,305,8,118,32,CV-data-vid-1_318_player-1.jpg,450,43
Dead,8,5,35,34,CV-data-vid-1_318_player-2.jpg,450,43
Dead,7,5,34,34,CV-data-vid-1_318_player-3.jpg,450,43
AWP,302,8,148,28,CV-data-vid-1_318_player-4.jpg,450,43
AK-47,304,8,120,33,CV-data-vid-1_318_player-5.jpg,450,43
AK-47,305,9,118,31,CV-data-vid-1_319_player-1.jpg,450,43
Dead,8,5,35,33,CV-data-vid-1_319_player-2.jpg,450,43
Dead,7,8,37,31,CV-data-vid-1_319_player-3.jpg,450,43
AWP,302,11,148,26,CV-data-vid-1_319_player-4.jpg,450,43
AK-47,304,9,121,31,CV-data-vid-1_319_player-5.jpg,450,43
AK-47,304,6,117,32,CV-data-vid-1_320_player-1.jpg,450,43
Dead,8,5,34,34,CV-data-vid-1_320_player-2.jpg,450,43
Dead,8,5,34,33,CV-data-vid-1_320_player-3.jpg,450,43
AWP,302,11,148,26,CV-data-vid-1_320_player-4.jpg,450,43
AK-47,303,8,120,31,CV-data-vid-1_320_player-5.jpg,450,43
AK-47,303,10,119,29,CV-data-vid-1_321_player-1.jpg,450,43
Dead,8,3,37,34,CV-data-vid-1_321_player-2.jpg,450,43
Dead,6,7,37,31,CV-data-vid-1_321_player-3.jpg,450,43
AWP,302,11,148,26,CV-data-vid-1_321_player-4.jpg,450,43
AK-47,303,9,120,31,CV-data-vid-1_321_player-5.jpg,450,43
AK-47,304,7,121,31,CV-data-vid-1_322_player-1.jpg,450,43
Dead,9,5,35,33,CV-data-vid-1_322_player-2.jpg,450,43
Dead,9,4,36,34,CV-data-vid-1_322_player-3.jpg,450,43
AWP,303,9,146,28,CV-data-vid-1_322_player-4.jpg,450,43
AK-47,304,11,118,30,CV-data-vid-1_322_player-5.jpg,450,43
AK-47,303,8,118,30,CV-data-vid-1_323_player-1.jpg,450,43
Dead,10,5,32,31,CV-data-vid-1_323_player-2.jpg,450,43
Dead,8,5,34,34,CV-data-vid-1_323_player-3.jpg,450,43
AWP,302,11,148,24,CV-data-vid-1_323_player-4.jpg,450,43
AK-47,304,11,120,28,CV-data-vid-1_323_player-5.jpg,450,43
AK-47,304,9,119,30,CV-data-vid-1_324_player-1.jpg,450,43
Dead,8,6,31,32,CV-data-vid-1_324_player-2.jpg,450,43
Dead,9,5,34,33,CV-data-vid-1_324_player-3.jpg,450,43
AWP,304,9,146,27,CV-data-vid-1_324_player-4.jpg,450,43
AK-47,304,9,118,31,CV-data-vid-1_324_player-5.jpg,450,43
AK-47,304,8,119,31,CV-data-vid-1_325_player-1.jpg,450,43
Dead,8,4,34,34,CV-data-vid-1_325_player-2.jpg,450,43
Dead,8,6,35,31,CV-data-vid-1_325_player-3.jpg,450,43
AWP,302,11,148,28,CV-data-vid-1_325_player-4.jpg,450,43
AK-47,305,11,118,28,CV-data-vid-1_325_player-5.jpg,450,43
AK-47,304,9,119,32,CV-data-vid-1_326_player-1.jpg,450,43
Dead,8,7,36,32,CV-data-vid-1_326_player-2.jpg,450,43
Dead,9,3,34,35,CV-data-vid-1_326_player-3.jpg,450,43
AWP,302,11,146,25,CV-data-vid-1_326_player-4.jpg,450,43
AK-47,305,9,121,31,CV-data-vid-1_326_player-5.jpg,450,43
AK-47,303,8,118,34,CV-data-vid-1_327_player-1.jpg,450,43
Dead,10,3,35,37,CV-data-vid-1_327_player-2.jpg,450,43
Dead,9,5,35,34,CV-data-vid-1_327_player-3.jpg,450,43
AWP,302,12,146,24,CV-data-vid-1_327_player-4.jpg,450,43
AK-47,303,10,119,28,CV-data-vid-1_327_player-5.jpg,450,43
AK-47,302,8,121,32,CV-data-vid-1_328_player-1.jpg,450,43
Dead,8,6,33,31,CV-data-vid-1_328_player-2.jpg,450,43
Dead,10,3,32,37,CV-data-vid-1_328_player-3.jpg,450,43
AWP,302,10,148,27,CV-data-vid-1_328_player-4.jpg,450,43
AK-47,304,11,116,28,CV-data-vid-1_328_player-5.jpg,450,43
AK-47,303,7,120,30,CV-data-vid-1_329_player-1.jpg,450,43
Dead,8,4,32,34,CV-data-vid-1_329_player-2.jpg,450,43
Dead,10,5,35,33,CV-data-vid-1_329_player-3.jpg,450,43
AWP,301,11,149,26,CV-data-vid-1_329_player-4.jpg,450,43
AK-47,302,9,121,30,CV-data-vid-1_329_player-5.jpg,450,43
AK-47,303,7,118,34,CV-data-vid-1_330_player-1.jpg,450,43
Dead,8,3,38,37,CV-data-vid-1_330_player-2.jpg,450,43
Dead,9,4,34,32,CV-data-vid-1_330_player-3.jpg,450,43
AWP,302,11,148,26,CV-data-vid-1_330_player-4.jpg,450,43
AK-47,305,9,118,29,CV-data-vid-1_330_player-5.jpg,450,43
AK-47,304,8,117,30,CV-data-vid-1_331_player-1.jpg,450,43
Dead,9,3,36,35,CV-data-vid-1_331_player-2.jpg,450,43
Dead,8,5,37,34,CV-data-vid-1_331_player-3.jpg,450,43
AWP,300,11,150,27,CV-data-vid-1_331_player-4.jpg,450,43
AK-47,304,9,119,30,CV-data-vid-1_331_player-5.jpg,450,43
AK-47,304,8,116,32,CV-data-vid-1_332_player-1.jpg,450,43
Dead,7,5,36,34,CV-data-vid-1_332_player-2.jpg,450,43
Dead,8,3,37,36,CV-data-vid-1_332_player-3.jpg,450,43
AWP,303,11,147,27,CV-data-vid-1_332_player-4.jpg,450,43
AK-47,305,11,121,28,CV-data-vid-1_332_player-5.jpg,450,43
AK-47,304,8,115,31,CV-data-vid-1_333_player-1.jpg,450,43
Dead,8,4,37,34,CV-data-vid-1_333_player-2.jpg,450,43
Dead,7,2,39,37,CV-data-vid-1_333_player-3.jpg,450,43
AWP,302,9,148,27,CV-data-vid-1_333_player-4.jpg,450,43
AK-47,303,11,120,29,CV-data-vid-1_333_player-5.jpg,450,43
AK-47,305,9,117,30,CV-data-vid-1_334_player-1.jpg,450,43
Dead,8,3,37,35,CV-data-vid-1_334_player-2.jpg,450,43
Dead,8,4,34,36,CV-data-vid-1_334_player-3.jpg,450,43
AWP,302,11,148,24,CV-data-vid-1_334_player-4.jpg,450,43
AK-47,302,9,122,31,CV-data-vid-1_334_player-5.jpg,450,43
AK-47,304,9,115,30,CV-data-vid-1_335_player-1.jpg,450,43
Dead,8,5,34,34,CV-data-vid-1_335_player-2.jpg,450,43
AWP,302,9,145,28,CV-data-vid-1_335_player-4.jpg,450,43
AK-47,304,10,118,29,CV-data-vid-1_335_player-5.jpg,450,43
AK-47,304,6,117,35,CV-data-vid-1_336_player-1.jpg,450,43
Dead,7,5,38,33,CV-data-vid-1_336_player-2.jpg,450,43
Dead,8,3,33,34,CV-data-vid-1_336_player-3.jpg,450,43
AWP,301,10,149,26,CV-data-vid-1_336_player-4.jpg,450,43
AK-47,303,10,116,31,CV-data-vid-1_336_player-5.jpg,450,43
AK-47,303,9,118,31,CV-data-vid-1_337_player-1.jpg,450,43
Dead,8,3,35,36,CV-data-vid-1_337_player-2.jpg,450,43
Dead,7,3,39,35,CV-data-vid-1_337_player-3.jpg,450,43
AWP,301,11,149,26,CV-data-vid-1_337_player-4.jpg,450,43
AK-47,305,8,119,31,CV-data-vid-1_337_player-5.jpg,450,43
AK-47,303,8,121,28,CV-data-vid-1_338_player-1.jpg,450,43
Dead,8,6,36,34,CV-data-vid-1_338_player-2.jpg,450,43
Dead,8,5,36,35,CV-data-vid-1_338_player-3.jpg,450,43
AWP,302,11,148,25,CV-data-vid-1_338_player-4.jpg,450,43
AK-47,305,8,120,34,CV-data-vid-1_338_player-5.jpg,450,43
AK-47,303,9,120,31,CV-data-vid-1_339_player-1.jpg,450,43
Dead,8,3,38,37,CV-data-vid-1_339_player-2.jpg,450,43
Dead,8,6,38,32,CV-data-vid-1_339_player-3.jpg,450,43
AWP,302,11,148,24,CV-data-vid-1_339_player-4.jpg,450,43
AK-47,303,11,117,28,CV-data-vid-1_339_player-5.jpg,450,43
AK-47,303,9,123,31,CV-data-vid-1_340_player-1.jpg,450,43
Dead,6,4,39,34,CV-data-vid-1_340_player-2.jpg,450,43
Dead,8,6,36,33,CV-data-vid-1_340_player-3.jpg,450,43
AWP,302,11,148,24,CV-data-vid-1_340_player-4.jpg,450,43
AK-47,303,11,121,30,CV-data-vid-1_340_player-5.jpg,450,43
AK-47,303,11,118,29,CV-data-vid-1_341_player-1.jpg,450,43
Dead,6,3,41,37,CV-data-vid-1_341_player-2.jpg,450,43
Dead,8,3,37,35,CV-data-vid-1_341_player-3.jpg,450,43
AWP,302,12,148,23,CV-data-vid-1_341_player-4.jpg,450,43
AK-47,304,8,118,31,CV-data-vid-1_341_player-5.jpg,450,43
AK-47,304,8,117,31,CV-data-vid-1_342_player-1.jpg,450,43
Dead,11,6,31,34,CV-data-vid-1_342_player-2.jpg,450,43
Dead,9,3,34,36,CV-data-vid-1_342_player-3.jpg,450,43
Dead,9,3,32,38,CV-data-vid-1_342_player-4.jpg,450,43
AK-47,304,11,115,28,CV-data-vid-1_342_player-5.jpg,450,43
AK-47,305,8,117,30,CV-data-vid-1_343_player-1.jpg,450,43
Dead,8,1,36,40,CV-data-vid-1_343_player-2.jpg,450,43
Dead,8,5,37,34,CV-data-vid-1_343_player-3.jpg,450,43
Dead,10,5,31,34,CV-data-vid-1_343_player-4.jpg,450,43
AK-47,304,10,118,30,CV-data-vid-1_343_player-5.jpg,450,43
AK-47,304,7,121,33,CV-data-vid-1_344_player-1.jpg,450,43
Dead,8,8,34,32,CV-data-vid-1_344_player-2.jpg,450,43
Dead,8,5,38,37,CV-data-vid-1_344_player-3.jpg,450,43
Dead,5,8,38,31,CV-data-vid-1_344_player-4.jpg,450,43
Dead,8,3,38,35,CV-data-vid-1_344_player-5.jpg,450,43
AK-47,305,10,119,28,CV-data-vid-1_345_player-1.jpg,450,43
Dead,5,5,39,36,CV-data-vid-1_345_player-2.jpg,450,43
Dead,5,5,39,32,CV-data-vid-1_345_player-3.jpg,450,43
Dead,8,7,39,34,CV-data-vid-1_345_player-4.jpg,450,43
Dead,6,6,40,36,CV-data-vid-1_345_player-5.jpg,450,43
AK-47,304,8,116,31,CV-data-vid-1_346_player-1.jpg,450,43
Dead,8,5,39,34,CV-data-vid-1_346_player-2.jpg,450,43
Dead,7,5,39,37,CV-data-vid-1_346_player-3.jpg,450,43
Dead,6,2,44,38,CV-data-vid-1_346_player-4.jpg,450,43
Dead,8,5,41,34,CV-data-vid-1_346_player-5.jpg,450,43
AK-47,303,7,120,33,CV-data-vid-1_347_player-1.jpg,450,43
Dead,9,6,36,34,CV-data-vid-1_347_player-2.jpg,450,43
Dead,8,5,39,34,CV-data-vid-1_347_player-3.jpg,450,43
Dead,7,4,37,36,CV-data-vid-1_347_player-4.jpg,450,43
Dead,8,5,36,32,CV-data-vid-1_347_player-5.jpg,450,43
AK-47,304,9,116,31,CV-data-vid-1_348_player-1.jpg,450,43
Dead,8,5,37,35,CV-data-vid-1_348_player-2.jpg,450,43
Dead,8,5,35,35,CV-data-vid-1_348_player-3.jpg,450,43
Dead,7,4,42,37,CV-data-vid-1_348_player-4.jpg,450,43
Dead,4,5,42,34,CV-data-vid-1_348_player-5.jpg,450,43
AK-47,305,9,115,31,CV-data-vid-1_349_player-1.jpg,450,43
Dead,9,3,35,35,CV-data-vid-1_349_player-2.jpg,450,43
Dead,8,4,41,35,CV-data-vid-1_349_player-3.jpg,450,43
Dead,8,6,37,33,CV-data-vid-1_349_player-4.jpg,450,43
Dead,7,5,41,36,CV-data-vid-1_349_player-5.jpg,450,43
AK-47,305,8,118,31,CV-data-vid-1_350_player-1.jpg,450,43
Dead,8,5,36,35,CV-data-vid-1_350_player-2.jpg,450,43
Dead,6,5,40,34,CV-data-vid-1_350_player-3.jpg,450,43
Dead,8,5,35,33,CV-data-vid-1_350_player-4.jpg,450,43
Dead,10,5,34,34,CV-data-vid-1_350_player-5.jpg,450,43
AK-47,303,9,119,30,CV-data-vid-1_351_player-1.jpg,450,43
Dead,9,2,36,36,CV-data-vid-1_351_player-2.jpg,450,43
Dead,10,5,33,31,CV-data-vid-1_351_player-3.jpg,450,43
Dead,8,6,37,32,CV-data-vid-1_351_player-4.jpg,450,43
Dead,7,6,37,33,CV-data-vid-1_351_player-5.jpg,450,43
AK-47,303,7,117,34,CV-data-vid-1_352_player-1.jpg,450,43
Dead,8,3,37,37,CV-data-vid-1_352_player-2.jpg,450,43
Dead,8,5,36,34,CV-data-vid-1_352_player-3.jpg,450,43
Dead,5,5,37,34,CV-data-vid-1_352_player-4.jpg,450,43
Dead,8,6,37,34,CV-data-vid-1_352_player-5.jpg,450,43
AK-47,304,8,118,31,CV-data-vid-1_353_player-1.jpg,450,43
Dead,8,6,35,31,CV-data-vid-1_353_player-2.jpg,450,43
Dead,9,5,37,34,CV-data-vid-1_353_player-3.jpg,450,43
Dead,8,5,34,31,CV-data-vid-1_353_player-4.jpg,450,43
Dead,8,5,35,34,CV-data-vid-1_353_player-5.jpg,450,43
AK-47,303,9,120,31,CV-data-vid-1_354_player-1.jpg,450,43
Dead,8,3,39,37,CV-data-vid-1_354_player-2.jpg,450,43
Dead,7,5,33,36,CV-data-vid-1_354_player-3.jpg,450,43
Dead,10,3,32,37,CV-data-vid-1_354_player-4.jpg,450,43
Dead,10,6,35,34,CV-data-vid-1_354_player-5.jpg,450,43
AK-47,305,10,118,28,CV-data-vid-1_355_player-1.jpg,450,43
Dead,8,3,37,38,CV-data-vid-1_355_player-2.jpg,450,43
Dead,8,5,37,34,CV-data-vid-1_355_player-3.jpg,450,43
Dead,9,5,37,36,CV-data-vid-1_355_player-4.jpg,450,43
Dead,6,5,37,36,CV-data-vid-1_355_player-5.jpg,450,43
AK-47,303,8,120,30,CV-data-vid-1_356_player-1.jpg,450,43
Dead,7,5,42,34,CV-data-vid-1_356_player-2.jpg,450,43
Dead,6,3,39,36,CV-data-vid-1_356_player-3.jpg,450,43
Dead,8,5,36,35,CV-data-vid-1_356_player-4.jpg,450,43
Dead,9,5,35,34,CV-data-vid-1_356_player-5.jpg,450,43
AK-47,303,8,119,31,CV-data-vid-1_357_player-1.jpg,450,43
Dead,9,5,35,33,CV-data-vid-1_357_player-2.jpg,450,43
Dead,6,5,39,34,CV-data-vid-1_357_player-3.jpg,450,43
Dead,9,6,34,33,CV-data-vid-1_357_player-4.jpg,450,43
Dead,8,4,39,37,CV-data-vid-1_357_player-5.jpg,450,43
AK-47,301,8,121,33,CV-data-vid-1_358_player-1.jpg,450,43
Dead,8,5,36,33,CV-data-vid-1_358_player-2.jpg,450,43
Dead,8,5,39,33,CV-data-vid-1_358_player-3.jpg,450,43
Dead,8,5,36,33,CV-data-vid-1_358_player-4.jpg,450,43
Dead,7,5,37,35,CV-data-vid-1_358_player-5.jpg,450,43
AK-47,305,11,117,29,CV-data-vid-1_359_player-1.jpg,450,43
Dead,11,4,38,34,CV-data-vid-1_359_player-2.jpg,450,43
Dead,9,5,34,32,CV-data-vid-1_359_player-3.jpg,450,43
Dead,8,3,39,37,CV-data-vid-1_359_player-4.jpg,450,43
Dead,6,5,38,34,CV-data-vid-1_359_player-5.jpg,450,43
AK-47,301,8,119,32,CV-data-vid-1_360_player-1.jpg,450,43
Dead,6,3,41,38,CV-data-vid-1_360_player-2.jpg,450,43
Dead,8,3,37,37,CV-data-vid-1_360_player-3.jpg,450,43
Dead,9,5,32,33,CV-data-vid-1_360_player-4.jpg,450,43
Dead,10,5,31,32,CV-data-vid-1_360_player-5.jpg,450,43
AK-47,302,8,119,28,CV-data-vid-1_361_player-1.jpg,450,43
Dead,8,7,37,31,CV-data-vid-1_361_player-2.jpg,450,43
Dead,8,5,37,32,CV-data-vid-1_361_player-3.jpg,450,43
Dead,8,7,37,32,CV-data-vid-1_361_player-4.jpg,450,43
Dead,9,3,33,38,CV-data-vid-1_361_player-5.jpg,450,43
AK-47,302,8,119,33,CV-data-vid-1_362_player-1.jpg,450,43
Dead,8,5,35,34,CV-data-vid-1_362_player-2.jpg,450,43
Dead,6,3,36,36,CV-data-vid-1_362_player-3.jpg,450,43
Dead,5,2,43,37,CV-data-vid-1_362_player-4.jpg,450,43
Dead,10,5,35,35,CV-data-vid-1_362_player-5.jpg,450,43
AK-47,304,8,119,31,CV-data-vid-1_363_player-1.jpg,450,43
Dead,8,0,39,38,CV-data-vid-1_363_player-2.jpg,450,43
Dead,3,4,42,39,CV-data-vid-1_363_player-3.jpg,450,43
Dead,8,8,37,33,CV-data-vid-1_363_player-4.jpg,450,43
Dead,8,7,34,32,CV-data-vid-1_363_player-5.jpg,450,43
AK-47,303,10,121,29,CV-data-vid-1_364_player-1.jpg,450,43
Dead,5,4,41,37,CV-data-vid-1_364_player-2.jpg,450,43
Dead,5,5,39,32,CV-data-vid-1_364_player-3.jpg,450,43
Dead,8,4,38,35,CV-data-vid-1_364_player-4.jpg,450,43
Dead,5,6,39,34,CV-data-vid-1_364_player-5.jpg,450,43
AK-47,303,11,119,28,CV-data-vid-1_365_player-1.jpg,450,43
Dead,7,6,40,33,CV-data-vid-1_365_player-2.jpg,450,43
Dead,7,4,39,37,CV-data-vid-1_365_player-3.jpg,450,43
Dead,6,4,42,37,CV-data-vid-1_365_player-4.jpg,450,43
Dead,5,5,42,35,CV-data-vid-1_365_player-5.jpg,450,43
AK-47,304,9,119,28,CV-data-vid-1_366_player-1.jpg,450,43
Dead,6,2,44,39,CV-data-vid-1_366_player-2.jpg,450,43
Dead,7,5,40,36,CV-data-vid-1_366_player-3.jpg,450,43
Dead,5,3,45,37,CV-data-vid-1_366_player-4.jpg,450,43
Dead,8,3,37,37,CV-data-vid-1_366_player-5.jpg,450,43
AK-47,303,11,118,30,CV-data-vid-1_367_player-1.jpg,450,43
Dead,7,2,42,37,CV-data-vid-1_367_player-2.jpg,450,43
Dead,8,5,35,34,CV-data-vid-1_367_player-3.jpg,450,43
Dead,7,5,36,33,CV-data-vid-1_367_player-4.jpg,450,43
Dead,8,5,40,34,CV-data-vid-1_367_player-5.jpg,450,43
AK-47,304,10,118,30,CV-data-vid-1_368_player-1.jpg,450,43
Dead,8,3,42,37,CV-data-vid-1_368_player-2.jpg,450,43
Dead,6,2,39,39,CV-data-vid-1_368_player-3.jpg,450,43
Dead,6,5,38,34,CV-data-vid-1_368_player-4.jpg,450,43
Dead,8,8,36,30,CV-data-vid-1_368_player-5.jpg,450,43
AK-47,305,6,113,34,CV-data-vid-1_369_player-1.jpg,450,43
Dead,9,4,32,34,CV-data-vid-1_369_player-2.jpg,450,43
Dead,11,5,36,32,CV-data-vid-1_369_player-3.jpg,450,43
Dead,7,5,40,34,CV-data-vid-1_369_player-4.jpg,450,43
Dead,9,5,40,35,CV-data-vid-1_369_player-5.jpg,450,43
AK-47,303,7,118,34,CV-data-vid-1_370_player-1.jpg,450,43
Dead,7,3,38,37,CV-data-vid-1_370_player-2.jpg,450,43
Dead,11,5,34,32,CV-data-vid-1_370_player-3.jpg,450,43
Dead,8,5,34,32,CV-data-vid-1_370_player-4.jpg,450,43
Dead,8,8,33,30,CV-data-vid-1_370_player-5.jpg,450,43
AK-47,303,8,121,30,CV-data-vid-1_371_player-1.jpg,450,43
Dead,8,7,38,32,CV-data-vid-1_371_player-2.jpg,450,43
Dead,8,7,38,31,CV-data-vid-1_371_player-3.jpg,450,43
Dead,10,6,37,34,CV-data-vid-1_371_player-4.jpg,450,43
Dead,7,3,41,37,CV-data-vid-1_371_player-5.jpg,450,43
AK-47,304,6,119,34,CV-data-vid-1_372_player-1.jpg,450,43
Dead,9,3,39,36,CV-data-vid-1_372_player-2.jpg,450,43
Dead,7,3,39,36,CV-data-vid-1_372_player-3.jpg,450,43
Dead,10,5,35,34,CV-data-vid-1_372_player-4.jpg,450,43
Dead,8,4,40,37,CV-data-vid-1_372_player-5.jpg,450,43
AK-47,302,8,110,30,CV-data-vid-1_373_player-1.jpg,450,43
Dead,8,3,34,37,CV-data-vid-1_373_player-2.jpg,450,43
Dead,5,5,39,33,CV-data-vid-1_373_player-3.jpg,450,43
Dead,7,3,37,35,CV-data-vid-1_373_player-4.jpg,450,43
Dead,8,5,34,34,CV-data-vid-1_373_player-5.jpg,450,43
AK-47,304,11,117,29,CV-data-vid-1_374_player-1.jpg,450,43
Dead,8,5,38,34,CV-data-vid-1_374_player-2.jpg,450,43
Dead,7,6,36,33,CV-data-vid-1_374_player-3.jpg,450,43
Dead,9,5,38,33,CV-data-vid-1_374_player-4.jpg,450,43
Dead,6,7,38,34,CV-data-vid-1_374_player-5.jpg,450,43
AK-47,304,10,120,28,CV-data-vid-1_375_player-1.jpg,450,43
Dead,8,5,37,33,CV-data-vid-1_375_player-2.jpg,450,43
Dead,9,5,36,33,CV-data-vid-1_375_player-3.jpg,450,43
Dead,6,6,38,32,CV-data-vid-1_375_player-4.jpg,450,43
Dead,5,5,40,34,CV-data-vid-1_375_player-5.jpg,450,43
AK-47,304,8,117,30,CV-data-vid-1_376_player-1.jpg,450,43
Dead,5,3,41,37,CV-data-vid-1_376_player-2.jpg,450,43
Dead,5,1,39,39,CV-data-vid-1_376_player-3.jpg,450,43
Dead,5,8,44,31,CV-data-vid-1_376_player-4.jpg,450,43
Dead,8,4,39,36,CV-data-vid-1_376_player-5.jpg,450,43
AK-47,305,10,118,28,CV-data-vid-1_377_player-1.jpg,450,43
Dead,9,5,37,34,CV-data-vid-1_377_player-2.jpg,450,43
Dead,6,4,41,39,CV-data-vid-1_377_player-3.jpg,450,43
Dead,7,5,38,33,CV-data-vid-1_377_player-4.jpg,450,43
Dead,6,4,44,37,CV-data-vid-1_377_player-5.jpg,450,43
AK-47,303,11,120,30,CV-data-vid-1_378_player-1.jpg,450,43
Dead,7,5,38,34,CV-data-vid-1_378_player-2.jpg,450,43
Dead,8,4,37,34,CV-data-vid-1_378_player-3.jpg,450,43
Dead,6,5,42,34,CV-data-vid-1_378_player-4.jpg,450,43
Dead,7,5,39,34,CV-data-vid-1_378_player-5.jpg,450,43
AK-47,303,8,117,31,CV-data-vid-1_379_player-1.jpg,450,43
Dead,4,4,39,34,CV-data-vid-1_379_player-2.jpg,450,43
Dead,6,6,42,32,CV-data-vid-1_379_player-3.jpg,450,43
Dead,10,5,37,30,CV-data-vid-1_379_player-4.jpg,450,43
Dead,9,4,38,33,CV-data-vid-1_379_player-5.jpg,450,43
AK-47,305,10,118,30,CV-data-vid-1_380_player-1.jpg,450,43
Dead,9,6,37,31,CV-data-vid-1_380_player-2.jpg,450,43
Dead,7,5,40,34,CV-data-vid-1_380_player-3.jpg,450,43
Dead,6,6,40,34,CV-data-vid-1_380_player-4.jpg,450,43
Dead,5,5,41,35,CV-data-vid-1_380_player-5.jpg,450,43
AK-47,303,8,119,31,CV-data-vid-1_381_player-1.jpg,450,43
Dead,5,4,37,36,CV-data-vid-1_381_player-2.jpg,450,43
Dead,8,6,39,34,CV-data-vid-1_381_player-3.jpg,450,43
Dead,6,6,39,34,CV-data-vid-1_381_player-4.jpg,450,43
Dead,5,6,42,35,CV-data-vid-1_381_player-5.jpg,450,43
AK-47,305,6,116,31,CV-data-vid-1_382_player-1.jpg,450,43
Dead,7,4,39,38,CV-data-vid-1_382_player-2.jpg,450,43
Dead,8,6,39,33,CV-data-vid-1_382_player-3.jpg,450,43
Dead,5,4,40,34,CV-data-vid-1_382_player-4.jpg,450,43
Dead,8,4,34,34,CV-data-vid-1_382_player-5.jpg,450,43
AK-47,304,9,117,29,CV-data-vid-1_383_player-1.jpg,450,43
Dead,7,5,37,34,CV-data-vid-1_383_player-2.jpg,450,43
Dead,7,3,42,38,CV-data-vid-1_383_player-3.jpg,450,43
Dead,11,5,36,34,CV-data-vid-1_383_player-4.jpg,450,43
Dead,7,4,43,36,CV-data-vid-1_383_player-5.jpg,450,43
AK-47,305,7,118,31,CV-data-vid-1_384_player-1.jpg,450,43
Dead,10,4,37,34,CV-data-vid-1_384_player-2.jpg,450,43
Dead,9,3,39,36,CV-data-vid-1_384_player-3.jpg,450,43
Dead,6,4,45,37,CV-data-vid-1_384_player-4.jpg,450,43
Dead,7,5,45,35,CV-data-vid-1_384_player-5.jpg,450,43
AK-47,305,10,115,28,CV-data-vid-1_385_player-1.jpg,450,43
Dead,7,5,38,34,CV-data-vid-1_385_player-2.jpg,450,43
Dead,9,5,37,34,CV-data-vid-1_385_player-3.jpg,450,43
Dead,9,3,35,39,CV-data-vid-1_385_player-4.jpg,450,43
Dead,8,6,36,35,CV-data-vid-1_385_player-5.jpg,450,43